<?xml version="1.0" encoding="UTF-8"?>
<metadata xml:lang="en"><Esri><CreaDate>20180112</CreaDate><CreaTime>13542600</CreaTime><ArcGISFormat>1.0</ArcGISFormat><ArcGISstyle>FGDC CSDGM Metadata</ArcGISstyle><SyncOnce>FALSE</SyncOnce><DataProperties><lineage><Process ToolSource="c:\program files (x86)\arcgis\desktop10.0\ArcToolbox\Toolboxes\Data Management Tools.tbx\CalculateField" Date="20120807" Time="135118" Name="" export="">CalculateField pz_cnty13_14 UTILITIES "WU" VB #</Process><Process ToolSource="c:\program files (x86)\arcgis\desktop10.0\ArcToolbox\Toolboxes\Data Management Tools.tbx\CalculateField" Date="20120807" Time="135139" Name="" export="">CalculateField pz_cnty13_14 UTILITIES "WU" VB #</Process><Process ToolSource="c:\program files (x86)\arcgis\desktop10.0\ArcToolbox\Toolboxes\Data Management Tools.tbx\CalculateField" Date="20120807" Time="135205" Name="" export="">CalculateField pz_cnty13_14 UTILITIES "WU" VB #</Process><Process ToolSource="c:\program files (x86)\arcgis\desktop10.0\ArcToolbox\Toolboxes\Data Management Tools.tbx\CalculateField" Date="20120807" Time="135307" Name="" export="">CalculateField pz_cnty13_14 UTILITIES "WU" VB #</Process><Process ToolSource="c:\program files (x86)\arcgis\desktop10.0\ArcToolbox\Toolboxes\Data Management Tools.tbx\CalculateField" Date="20120807" Time="135358" Name="" export="">CalculateField pz_cnty13_14 UTILITIES "WU" VB #</Process><Process ToolSource="c:\program files (x86)\arcgis\desktop10.0\ArcToolbox\Toolboxes\Data Management Tools.tbx\CalculateField" Date="20120807" Time="135518" Name="" export="">CalculateField pz_cnty13_14 UTILITIES "WOU" VB #</Process><Process ToolSource="c:\program files (x86)\arcgis\desktop10.0\ArcToolbox\Toolboxes\Conversion Tools.tbx\FeatureClassToFeatureClass" Date="20130509" Time="110109" Name="" export="">FeatureClassToFeatureClass O:\maint\schools\PlanningData13_14.mdb\PlanningData13_14\pz_cnty13_14 O:\maint\schools\PlanningData14_15.mdb\PlanningData14_15 pz_cnty14_15 # "COUNT_ "COUNT_" true true false 8 Double 0 0 ,First,#,O:\maint\schools\PlanningData13_14.mdb\PlanningData13_14\pz_cnty13_14,COUNT_,-1,-1;STDYAREA "STDYAREA" true true false 16 Text 0 0 ,First,#,O:\maint\schools\PlanningData13_14.mdb\PlanningData13_14\pz_cnty13_14,STDYAREA,-1,-1;ELEM_ "ELEM_" true true false 4 Long 0 0 ,First,#,O:\maint\schools\PlanningData13_14.mdb\PlanningData13_14\pz_cnty13_14,ELEM_,-1,-1;INT_ "INT_" true true false 4 Long 0 0 ,First,#,O:\maint\schools\PlanningData13_14.mdb\PlanningData13_14\pz_cnty13_14,INT_,-1,-1;HIGH_ "HIGH_" true true false 4 Long 0 0 ,First,#,O:\maint\schools\PlanningData13_14.mdb\PlanningData13_14\pz_cnty13_14,HIGH_,-1,-1;ELEM_CODE "ELEM_CODE" true true false 16 Text 0 0 ,First,#,O:\maint\schools\PlanningData13_14.mdb\PlanningData13_14\pz_cnty13_14,ELEM_CODE,-1,-1;INT_CODE "INT_CODE" true true false 16 Text 0 0 ,First,#,O:\maint\schools\PlanningData13_14.mdb\PlanningData13_14\pz_cnty13_14,INT_CODE,-1,-1;HIGH_CODE "HIGH_CODE" true true false 16 Text 0 0 ,First,#,O:\maint\schools\PlanningData13_14.mdb\PlanningData13_14\pz_cnty13_14,HIGH_CODE,-1,-1;DISTRICT "DISTRICT" true true false 2 Text 0 0 ,First,#,O:\maint\schools\PlanningData13_14.mdb\PlanningData13_14\pz_cnty13_14,DISTRICT,-1,-1;SHAPE_Length "SHAPE_Length" false true true 8 Double 0 0 ,First,#,O:\maint\schools\PlanningData13_14.mdb\PlanningData13_14\pz_cnty13_14,SHAPE_Length,-1,-1;SHAPE_Area "SHAPE_Area" false true true 8 Double 0 0 ,First,#,O:\maint\schools\PlanningData13_14.mdb\PlanningData13_14\pz_cnty13_14,SHAPE_Area,-1,-1;UTILITIES "UTILITIES" true true false 5 Text 0 0 ,First,#,O:\maint\schools\PlanningData13_14.mdb\PlanningData13_14\pz_cnty13_14,UTILITIES,-1,-1" #</Process><Process ToolSource="c:\program files (x86)\arcgis\desktop10.0\ArcToolbox\Toolboxes\Data Management Tools.tbx\CalculateField" Date="20130509" Time="112555" Name="" export="">CalculateField pz_cnty14_15 INT_ 201 VB #</Process><Process ToolSource="c:\program files (x86)\arcgis\desktop10.0\ArcToolbox\Toolboxes\Data Management Tools.tbx\CalculateField" Date="20130509" Time="112614" Name="" export="">CalculateField pz_cnty14_15 INT_ 203 VB #</Process><Process ToolSource="c:\program files (x86)\arcgis\desktop10.0\ArcToolbox\Toolboxes\Data Management Tools.tbx\CalculateField" Date="20130509" Time="112632" Name="" export="">CalculateField pz_cnty14_15 INT_ 204 VB #</Process><Process ToolSource="c:\program files (x86)\arcgis\desktop10.0\ArcToolbox\Toolboxes\Data Management Tools.tbx\CalculateField" Date="20130509" Time="112718" Name="" export="">CalculateField pz_cnty14_15 INT_ 215 VB #</Process><Process ToolSource="c:\program files (x86)\arcgis\desktop10.0\ArcToolbox\Toolboxes\Data Management Tools.tbx\CalculateField" Date="20130509" Time="114329" Name="" export="">CalculateField pz_cnty14_15 HIGH_ 316 VB #</Process><Process ToolSource="c:\program files (x86)\arcgis\desktop10.0\ArcToolbox\Toolboxes\Conversion Tools.tbx\FeatureClassToFeatureClass" Date="20130509" Time="114923" Name="" export="">FeatureClassToFeatureClass O:\maint\schools\PlanningData14_15.mdb\PlanningData14_15\pz_cnty14_15 O:\maint\schools\PlanningData15_16.mdb\PlanningData15_16 pz_cnty15_16 # "COUNT_ "COUNT_" true true false 8 Double 0 0 ,First,#,O:\maint\schools\PlanningData14_15.mdb\PlanningData14_15\pz_cnty14_15,COUNT_,-1,-1;STDYAREA "STDYAREA" true true false 16 Text 0 0 ,First,#,O:\maint\schools\PlanningData14_15.mdb\PlanningData14_15\pz_cnty14_15,STDYAREA,-1,-1;ELEM_ "ELEM_" true true false 4 Long 0 0 ,First,#,O:\maint\schools\PlanningData14_15.mdb\PlanningData14_15\pz_cnty14_15,ELEM_,-1,-1;INT_ "INT_" true true false 4 Long 0 0 ,First,#,O:\maint\schools\PlanningData14_15.mdb\PlanningData14_15\pz_cnty14_15,INT_,-1,-1;HIGH_ "HIGH_" true true false 4 Long 0 0 ,First,#,O:\maint\schools\PlanningData14_15.mdb\PlanningData14_15\pz_cnty14_15,HIGH_,-1,-1;ELEM_CODE "ELEM_CODE" true true false 16 Text 0 0 ,First,#,O:\maint\schools\PlanningData14_15.mdb\PlanningData14_15\pz_cnty14_15,ELEM_CODE,-1,-1;INT_CODE "INT_CODE" true true false 16 Text 0 0 ,First,#,O:\maint\schools\PlanningData14_15.mdb\PlanningData14_15\pz_cnty14_15,INT_CODE,-1,-1;HIGH_CODE "HIGH_CODE" true true false 16 Text 0 0 ,First,#,O:\maint\schools\PlanningData14_15.mdb\PlanningData14_15\pz_cnty14_15,HIGH_CODE,-1,-1;DISTRICT "DISTRICT" true true false 2 Text 0 0 ,First,#,O:\maint\schools\PlanningData14_15.mdb\PlanningData14_15\pz_cnty14_15,DISTRICT,-1,-1;UTILITIES "UTILITIES" true true false 5 Text 0 0 ,First,#,O:\maint\schools\PlanningData14_15.mdb\PlanningData14_15\pz_cnty14_15,UTILITIES,-1,-1;Shape_Length "Shape_Length" false true true 8 Double 0 0 ,First,#,O:\maint\schools\PlanningData14_15.mdb\PlanningData14_15\pz_cnty14_15,Shape_Length,-1,-1;Shape_Area "Shape_Area" false true true 8 Double 0 0 ,First,#,O:\maint\schools\PlanningData14_15.mdb\PlanningData14_15\pz_cnty14_15,Shape_Area,-1,-1" #</Process><Process ToolSource="c:\program files (x86)\arcgis\desktop10.0\ArcToolbox\Toolboxes\Data Management Tools.tbx\CalculateField" Date="20130509" Time="115848" Name="" export="">CalculateField pz_cnty15_16 HIGH_ 308 VB #</Process><Process ToolSource="c:\program files (x86)\arcgis\desktop10.0\ArcToolbox\Toolboxes\Data Management Tools.tbx\CalculateField" Date="20130509" Time="115955" Name="" export="">CalculateField pz_cnty15_16 HIGH_ 317 VB #</Process><Process ToolSource="C:\Program Files (x86)\ArcGIS\Desktop10.0\ArcToolbox\Toolboxes\Data Management Tools.tbx\CalculateField" Date="20130626" Time="094816" Name="" export="">CalculateField pz_cnty15_16 HIGH_CODE "RRH" VB #</Process><Process ToolSource="C:\Program Files (x86)\ArcGIS\Desktop10.0\ArcToolbox\Toolboxes\Data Management Tools.tbx\CalculateField" Date="20130626" Time="094836" Name="" export="">CalculateField pz_cnty15_16 HIGH_CODE "RVH" VB #</Process><Process ToolSource="C:\Program Files (x86)\ArcGIS\Desktop10.0\ArcToolbox\Toolboxes\Data Management Tools.tbx\CalculateField" Date="20130801" Time="092407" Name="" export="">CalculateField pz_cnty15_16 HIGH_ 316 VB #</Process><Process ToolSource="C:\Program Files (x86)\ArcGIS\Desktop10.0\ArcToolbox\Toolboxes\Data Management Tools.tbx\CalculateField" Date="20131211" Time="145004" Name="" export="">CalculateField pz_cnty15_16 ELEM_ 152 VB #</Process><Process ToolSource="C:\Program Files (x86)\ArcGIS\Desktop10.0\ArcToolbox\Toolboxes\Data Management Tools.tbx\CalculateField" Date="20131211" Time="145019" Name="" export="">CalculateField pz_cnty15_16 ELEM_ 156 VB #</Process><Process ToolSource="C:\Program Files (x86)\ArcGIS\Desktop10.0\ArcToolbox\Toolboxes\Data Management Tools.tbx\CalculateField" Date="20131211" Time="145036" Name="" export="">CalculateField pz_cnty15_16 ELEM_ 122 VB #</Process><Process ToolSource="C:\Program Files (x86)\ArcGIS\Desktop10.0\ArcToolbox\Toolboxes\Data Management Tools.tbx\CalculateField" Date="20131211" Time="145054" Name="" export="">CalculateField pz_cnty15_16 ELEM_ 149 VB #</Process></lineage><itemProps><itemName Sync="TRUE">pz_cnty15_16</itemName><imsContentType Sync="TRUE">002</imsContentType><itemLocation><linkage Sync="TRUE">file://\\firma.prod.loudoun.local\tdata\project\lcps\ColinFlynn\2018-2019\sodapop\Data_Other\PlanningZones15_16</linkage><protocol Sync="TRUE">Local Area Network</protocol></itemLocation><nativeExtBox><westBL Sync="TRUE">11635727.443148</westBL><eastBL Sync="TRUE">11815632.111476</eastBL><southBL Sync="TRUE">6992630.693343</southBL><northBL Sync="TRUE">7166506.778305</northBL><exTypeCode Sync="TRUE">1</exTypeCode></nativeExtBox></itemProps><coordRef><type Sync="TRUE">Projected</type><geogcsn Sync="TRUE">GCS_North_American_1983_HARN</geogcsn><csUnits Sync="TRUE">Linear Unit: Foot_US (0.304801)</csUnits><projcsn Sync="TRUE">NAD_1983_HARN_StatePlane_Virginia_North_FIPS_4501_Feet</projcsn><peXml Sync="TRUE">&lt;ProjectedCoordinateSystem xsi:type='typens:ProjectedCoordinateSystem' xmlns:xsi='http://www.w3.org/2001/XMLSchema-instance' xmlns:xs='http://www.w3.org/2001/XMLSchema' xmlns:typens='http://www.esri.com/schemas/ArcGIS/10.1'&gt;&lt;WKT&gt;PROJCS[&amp;quot;NAD_1983_HARN_StatePlane_Virginia_North_FIPS_4501_Feet&amp;quot;,GEOGCS[&amp;quot;GCS_North_American_1983_HARN&amp;quot;,DATUM[&amp;quot;D_North_American_1983_HARN&amp;quot;,SPHEROID[&amp;quot;GRS_1980&amp;quot;,6378137.0,298.257222101]],PRIMEM[&amp;quot;Greenwich&amp;quot;,0.0],UNIT[&amp;quot;Degree&amp;quot;,0.0174532925199433]],PROJECTION[&amp;quot;Lambert_Conformal_Conic&amp;quot;],PARAMETER[&amp;quot;False_Easting&amp;quot;,11482916.66666666],PARAMETER[&amp;quot;False_Northing&amp;quot;,6561666.666666666],PARAMETER[&amp;quot;Central_Meridian&amp;quot;,-78.5],PARAMETER[&amp;quot;Standard_Parallel_1&amp;quot;,38.03333333333333],PARAMETER[&amp;quot;Standard_Parallel_2&amp;quot;,39.2],PARAMETER[&amp;quot;Latitude_Of_Origin&amp;quot;,37.66666666666666],UNIT[&amp;quot;Foot_US&amp;quot;,0.3048006096012192],AUTHORITY[&amp;quot;EPSG&amp;quot;,2924]]&lt;/WKT&gt;&lt;XOrigin&gt;-110512499.99982724&lt;/XOrigin&gt;&lt;YOrigin&gt;-88857999.999956876&lt;/YOrigin&gt;&lt;XYScale&gt;15624.999985448077&lt;/XYScale&gt;&lt;ZOrigin&gt;0&lt;/ZOrigin&gt;&lt;ZScale&gt;10000&lt;/ZScale&gt;&lt;MOrigin&gt;-100000&lt;/MOrigin&gt;&lt;MScale&gt;10000&lt;/MScale&gt;&lt;XYTolerance&gt;0.0005120000004768374&lt;/XYTolerance&gt;&lt;ZTolerance&gt;0.001&lt;/ZTolerance&gt;&lt;MTolerance&gt;2.0000000000000002e-005&lt;/MTolerance&gt;&lt;HighPrecision&gt;true&lt;/HighPrecision&gt;&lt;WKID&gt;2924&lt;/WKID&gt;&lt;LatestWKID&gt;2924&lt;/LatestWKID&gt;&lt;/ProjectedCoordinateSystem&gt;</peXml></coordRef><copyHistory><copy source="\\firma.prod.loudoun.local\tdata\project\lcps\ColinFlynn\2018-2019\sodapop\Data_Geocodes\PlanningZones15_16" dest="\\firma.prod.loudoun.local\tdata\project\lcps\ColinFlynn\2018-2019\sodapop\Data_Other\PlanningZones15_16" date="20180118" time="13145300"></copy></copyHistory></DataProperties><SyncDate>20151214</SyncDate><SyncTime>14273600</SyncTime><ModDate>20151214</ModDate><ModTime>14273600</ModTime><scaleRange><minScale>150000000</minScale><maxScale>5000</maxScale></scaleRange><ArcGISProfile>ItemDescription</ArcGISProfile></Esri><dataIdInfo><envirDesc Sync="TRUE">Microsoft Windows 7 Version 6.1 (Build 7601) Service Pack 1; Esri ArcGIS 10.2.2.3552</envirDesc><dataLang><languageCode value="eng" Sync="TRUE"/><countryCode value="USA" Sync="TRUE"/></dataLang><idCitation><resTitle Sync="TRUE">pz_cnty15_16</resTitle><presForm><PresFormCd value="005" Sync="TRUE"/></presForm></idCitation><spatRpType><SpatRepTypCd value="001" Sync="TRUE"/></spatRpType><dataExt><geoEle xmlns=""><GeoBndBox esriExtentType="search"><exTypeCode Sync="TRUE">1</exTypeCode><westBL Sync="TRUE">-77.963439</westBL><eastBL Sync="TRUE">-77.323973</eastBL><northBL Sync="TRUE">39.326230</northBL><southBL Sync="TRUE">38.844263</southBL></GeoBndBox></geoEle></dataExt><idPurp>This data is used by LCPS Department of Planning GIS Services for location and boundary analytics, demographic analysis and asset management.</idPurp><idAbs>&lt;DIV STYLE="text-align:Left;"&gt;&lt;DIV&gt;&lt;P&gt;&lt;SPAN&gt;This data represents local geographic planning units created by LCPS GIS Services to be used for attendance boundary planning, demographic analysis and asset planning. It contains the year stated Attendance zone boundary information for elementary, middle and high schools.&lt;/SPAN&gt;&lt;/P&gt;&lt;/DIV&gt;&lt;/DIV&gt;</idAbs><idCredit>Data is prepared and maintained by LCPS Department of Planning GIS Services.</idCredit><searchKeys><keyword>LCPS</keyword><keyword>pz_cnty15_16</keyword><keyword>pz</keyword><keyword>stdyarea</keyword><keyword>planning_zone</keyword><keyword>elem</keyword><keyword>mid</keyword><keyword>high</keyword><keyword>Loudoun County Public Schools</keyword><keyword>GIS Services</keyword></searchKeys></dataIdInfo><mdLang><languageCode value="eng" Sync="TRUE"/><countryCode value="USA" Sync="TRUE"/></mdLang><distInfo><distFormat><formatName Sync="TRUE">Personal GeoDatabase Feature Class</formatName></distFormat></distInfo><mdHrLv><ScopeCd value="005" Sync="TRUE"/></mdHrLv><mdHrLvName Sync="TRUE">dataset</mdHrLvName><refSysInfo><RefSystem><refSysID><identCode code="2924" Sync="TRUE" value="2924"/><idCodeSpace Sync="TRUE">EPSG</idCodeSpace><idVersion Sync="TRUE">8.2.6</idVersion></refSysID></RefSystem></refSysInfo><spatRepInfo><VectSpatRep><geometObjs Name="pz_cnty15_16"><geoObjTyp><GeoObjTypCd value="002" Sync="TRUE"></GeoObjTypCd></geoObjTyp><geoObjCnt Sync="TRUE">433</geoObjCnt></geometObjs><topLvl><TopoLevCd value="004" Sync="TRUE"></TopoLevCd></topLvl></VectSpatRep></spatRepInfo><spdoinfo><ptvctinf><esriterm Name="pz_cnty15_16"><efeatyp Sync="TRUE">Simple</efeatyp><efeageom code="4" Sync="TRUE"></efeageom><esritopo Sync="TRUE">TRUE</esritopo><efeacnt Sync="TRUE">433</efeacnt><spindex Sync="TRUE">TRUE</spindex><linrefer Sync="TRUE">FALSE</linrefer><XYRank Sync="TRUE">1</XYRank><ZRank Sync="TRUE">1</ZRank><topoWeight Sync="TRUE">5.000000</topoWeight><validateEvents Sync="TRUE">FALSE</validateEvents><partTopoRules><topoRuleID Sync="TRUE">1</topoRuleID></partTopoRules><partTopoRules><topoRuleID Sync="TRUE">2</topoRuleID></partTopoRules></esriterm></ptvctinf></spdoinfo><eainfo><detailed Name="pz_cnty15_16"><enttyp><enttypl Sync="TRUE">pz_cnty15_16</enttypl><enttypt Sync="TRUE">Feature Class</enttypt><enttypc Sync="TRUE">433</enttypc></enttyp><attr><attrlabl Sync="TRUE">OBJECTID</attrlabl><attalias Sync="TRUE">OBJECTID</attalias><attrtype Sync="TRUE">OID</attrtype><attwidth Sync="TRUE">4</attwidth><atprecis Sync="TRUE">0</atprecis><attscale Sync="TRUE">0</attscale><attrdef Sync="TRUE">Internal feature number.</attrdef><attrdefs Sync="TRUE">ESRI</attrdefs><attrdomv><udom Sync="TRUE">Sequential unique whole numbers that are automatically generated.</udom></attrdomv></attr><attr><attrlabl Sync="TRUE">Shape</attrlabl><attalias Sync="TRUE">Shape</attalias><attrtype Sync="TRUE">Geometry</attrtype><attwidth Sync="TRUE">0</attwidth><atprecis Sync="TRUE">0</atprecis><attscale Sync="TRUE">0</attscale><attrdef Sync="TRUE">Feature geometry.</attrdef><attrdefs Sync="TRUE">ESRI</attrdefs><attrdomv><udom Sync="TRUE">Coordinates defining the features.</udom></attrdomv></attr><attr><attrlabl Sync="TRUE">COUNT_</attrlabl><attalias Sync="TRUE">COUNT_</attalias><attrtype Sync="TRUE">Double</attrtype><attwidth Sync="TRUE">8</attwidth><atprecis Sync="TRUE">0</atprecis><attscale Sync="TRUE">0</attscale></attr><attr><attrlabl Sync="TRUE">STDYAREA</attrlabl><attalias Sync="TRUE">STDYAREA</attalias><attrtype Sync="TRUE">String</attrtype><attwidth Sync="TRUE">16</attwidth><atprecis Sync="TRUE">0</atprecis><attscale Sync="TRUE">0</attscale></attr><attr><attrlabl Sync="TRUE">ELEM_</attrlabl><attalias Sync="TRUE">ELEM_</attalias><attrtype Sync="TRUE">Integer</attrtype><attwidth Sync="TRUE">4</attwidth><atprecis Sync="TRUE">0</atprecis><attscale Sync="TRUE">0</attscale></attr><attr><attrlabl Sync="TRUE">INT_</attrlabl><attalias Sync="TRUE">INT_</attalias><attrtype Sync="TRUE">Integer</attrtype><attwidth Sync="TRUE">4</attwidth><atprecis Sync="TRUE">0</atprecis><attscale Sync="TRUE">0</attscale></attr><attr><attrlabl Sync="TRUE">HIGH_</attrlabl><attalias Sync="TRUE">HIGH_</attalias><attrtype Sync="TRUE">Integer</attrtype><attwidth Sync="TRUE">4</attwidth><atprecis Sync="TRUE">0</atprecis><attscale Sync="TRUE">0</attscale></attr><attr><attrlabl Sync="TRUE">ELEM_CODE</attrlabl><attalias Sync="TRUE">ELEM_CODE</attalias><attrtype Sync="TRUE">String</attrtype><attwidth Sync="TRUE">16</attwidth><atprecis Sync="TRUE">0</atprecis><attscale Sync="TRUE">0</attscale></attr><attr><attrlabl Sync="TRUE">INT_CODE</attrlabl><attalias Sync="TRUE">INT_CODE</attalias><attrtype Sync="TRUE">String</attrtype><attwidth Sync="TRUE">16</attwidth><atprecis Sync="TRUE">0</atprecis><attscale Sync="TRUE">0</attscale></attr><attr><attrlabl Sync="TRUE">HIGH_CODE</attrlabl><attalias Sync="TRUE">HIGH_CODE</attalias><attrtype Sync="TRUE">String</attrtype><attwidth Sync="TRUE">16</attwidth><atprecis Sync="TRUE">0</atprecis><attscale Sync="TRUE">0</attscale></attr><attr><attrlabl Sync="TRUE">DISTRICT</attrlabl><attalias Sync="TRUE">DISTRICT</attalias><attrtype Sync="TRUE">String</attrtype><attwidth Sync="TRUE">2</attwidth><atprecis Sync="TRUE">0</atprecis><attscale Sync="TRUE">0</attscale></attr><attr><attrlabl Sync="TRUE">UTILITIES</attrlabl><attalias Sync="TRUE">UTILITIES</attalias><attrtype Sync="TRUE">String</attrtype><attwidth Sync="TRUE">5</attwidth><atprecis Sync="TRUE">0</atprecis><attscale Sync="TRUE">0</attscale></attr><attr><attrlabl Sync="TRUE">Shape_Length</attrlabl><attalias Sync="TRUE">Shape_Length</attalias><attrtype Sync="TRUE">Double</attrtype><attwidth Sync="TRUE">8</attwidth><atprecis Sync="TRUE">0</atprecis><attscale Sync="TRUE">0</attscale><attrdef Sync="TRUE">Length of feature in internal units.</attrdef><attrdefs Sync="TRUE">ESRI</attrdefs><attrdomv><udom Sync="TRUE">Positive real numbers that are automatically generated.</udom></attrdomv></attr><attr><attrlabl Sync="TRUE">Shape_Area</attrlabl><attalias Sync="TRUE">Shape_Area</attalias><attrtype Sync="TRUE">Double</attrtype><attwidth Sync="TRUE">8</attwidth><atprecis Sync="TRUE">0</atprecis><attscale Sync="TRUE">0</attscale><attrdef Sync="TRUE">Area of feature in internal units squared.</attrdef><attrdefs Sync="TRUE">ESRI</attrdefs><attrdomv><udom Sync="TRUE">Positive real numbers that are automatically generated.</udom></attrdomv></attr></detailed></eainfo><mdDateSt Sync="TRUE">20151214</mdDateSt></metadata>
