<?xml version="1.0" encoding="UTF-8"?>
<metadata xml:lang="en"><Esri><CreaDate>20180118</CreaDate><CreaTime>13145700</CreaTime><ArcGISFormat>1.0</ArcGISFormat><SyncOnce>TRUE</SyncOnce><DataProperties><itemProps><itemLocation><linkage Sync="TRUE">file://\\firma.prod.loudoun.local\tdata\project\lcps\ColinFlynn\2018-2019\sodapop\Data_Other\PlanningZones16_17</linkage><protocol Sync="TRUE">Local Area Network</protocol></itemLocation></itemProps><copyHistory><copy source="\\firma.prod.loudoun.local\tdata\project\lcps\ColinFlynn\2018-2019\sodapop\Data_Geocodes\PlanningZones16_17" dest="\\firma.prod.loudoun.local\tdata\project\lcps\ColinFlynn\2018-2019\sodapop\Data_Other\PlanningZones16_17" date="20180118" time="13145700"></copy></copyHistory></DataProperties></Esri></metadata>
