<?xml version="1.0" encoding="UTF-8"?>
<metadata xml:lang="en"><Esri><CreaDate>20180118</CreaDate><CreaTime>13150000</CreaTime><ArcGISFormat>1.0</ArcGISFormat><SyncOnce>TRUE</SyncOnce><DataProperties><itemProps><itemLocation><linkage Sync="TRUE">file://\\firma.prod.loudoun.local\tdata\project\lcps\ColinFlynn\2018-2019\sodapop\Data_Other\PlanningZones17_18</linkage><protocol Sync="TRUE">Local Area Network</protocol></itemLocation></itemProps><copyHistory><copy source="\\firma.prod.loudoun.local\tdata\project\lcps\ColinFlynn\2018-2019\sodapop\Data_Geocodes\PlanningZones17_18" dest="\\firma.prod.loudoun.local\tdata\project\lcps\ColinFlynn\2018-2019\sodapop\Data_Other\PlanningZones17_18" date="20180118" time="13150000"></copy></copyHistory></DataProperties></Esri></metadata>
