<?xml version="1.0" encoding="UTF-8"?>
<metadata xml:lang="en"><Esri><CreaDate>20180117</CreaDate><CreaTime>15532600</CreaTime><ArcGISFormat>1.0</ArcGISFormat><SyncOnce>FALSE</SyncOnce><DataProperties><itemProps><itemName Sync="TRUE">Students14_15</itemName><imsContentType Sync="TRUE">002</imsContentType><itemSize Sync="TRUE">0.000</itemSize><itemLocation><linkage Sync="TRUE">file://\\FIRMA.prod.loudoun.local\tdata\project\lcps\DavisDemographics\Davis2016_2017\Davis2016_2017.gdb</linkage><protocol Sync="TRUE">Local Area Network</protocol></itemLocation></itemProps><coordRef><type Sync="TRUE">Projected</type><geogcsn Sync="TRUE">GCS_North_American_1983_HARN</geogcsn><csUnits Sync="TRUE">Linear Unit: Foot_US (0.304801)</csUnits><projcsn Sync="TRUE">NAD_1983_HARN_StatePlane_Virginia_North_FIPS_4501_Feet</projcsn><peXml Sync="TRUE">&lt;ProjectedCoordinateSystem xsi:type='typens:ProjectedCoordinateSystem' xmlns:xsi='http://www.w3.org/2001/XMLSchema-instance' xmlns:xs='http://www.w3.org/2001/XMLSchema' xmlns:typens='http://www.esri.com/schemas/ArcGIS/10.5'&gt;&lt;WKT&gt;PROJCS[&amp;quot;NAD_1983_HARN_StatePlane_Virginia_North_FIPS_4501_Feet&amp;quot;,GEOGCS[&amp;quot;GCS_North_American_1983_HARN&amp;quot;,DATUM[&amp;quot;D_North_American_1983_HARN&amp;quot;,SPHEROID[&amp;quot;GRS_1980&amp;quot;,6378137.0,298.257222101]],PRIMEM[&amp;quot;Greenwich&amp;quot;,0.0],UNIT[&amp;quot;Degree&amp;quot;,0.0174532925199433]],PROJECTION[&amp;quot;Lambert_Conformal_Conic&amp;quot;],PARAMETER[&amp;quot;False_Easting&amp;quot;,11482916.66666666],PARAMETER[&amp;quot;False_Northing&amp;quot;,6561666.666666666],PARAMETER[&amp;quot;Central_Meridian&amp;quot;,-78.5],PARAMETER[&amp;quot;Standard_Parallel_1&amp;quot;,38.03333333333333],PARAMETER[&amp;quot;Standard_Parallel_2&amp;quot;,39.2],PARAMETER[&amp;quot;Latitude_Of_Origin&amp;quot;,37.66666666666666],UNIT[&amp;quot;Foot_US&amp;quot;,0.3048006096012192],AUTHORITY[&amp;quot;EPSG&amp;quot;,2924]]&lt;/WKT&gt;&lt;XOrigin&gt;-110512500&lt;/XOrigin&gt;&lt;YOrigin&gt;-88858000&lt;/YOrigin&gt;&lt;XYScale&gt;3048.0060960121918&lt;/XYScale&gt;&lt;ZOrigin&gt;-100000&lt;/ZOrigin&gt;&lt;ZScale&gt;10000&lt;/ZScale&gt;&lt;MOrigin&gt;-100000&lt;/MOrigin&gt;&lt;MScale&gt;10000&lt;/MScale&gt;&lt;XYTolerance&gt;0.0032808333333333331&lt;/XYTolerance&gt;&lt;ZTolerance&gt;0.001&lt;/ZTolerance&gt;&lt;MTolerance&gt;0.001&lt;/MTolerance&gt;&lt;HighPrecision&gt;true&lt;/HighPrecision&gt;&lt;WKID&gt;2924&lt;/WKID&gt;&lt;LatestWKID&gt;2924&lt;/LatestWKID&gt;&lt;/ProjectedCoordinateSystem&gt;</peXml></coordRef><lineage><Process ToolSource="c:\program files (x86)\arcgis\desktop10.5\ArcToolbox\Toolboxes\Conversion Tools.tbx\FeatureClassToFeatureClass" Date="20170608" Time="140901">FeatureClassToFeatureClass \\firma.prod.loudoun.local\tdata\project\lcps\DavisDemographics\GEOS\GEOCODEdata2014.gdb\STUgeos2014_15stringPZ14_15PZ15_16res_dev14wTWNS \\firma.prod.loudoun.local\tdata\project\lcps\ColinFlynn\DAVIS 2014_15Geocodes.shp # "OBJECTID_1 "OBJECTID_12_13_14" true true false 4 Long 0 0 ,First,#,\\firma.prod.loudoun.local\tdata\project\lcps\DavisDemographics\GEOS\GEOCODEdata2014.gdb\STUgeos2014_15stringPZ14_15PZ15_16res_dev14wTWNS,OBJECTID_12_13_14,-1,-1;OBJECTID_2 "OBJECTID_12_13" true true false 4 Long 0 0 ,First,#,\\firma.prod.loudoun.local\tdata\project\lcps\DavisDemographics\GEOS\GEOCODEdata2014.gdb\STUgeos2014_15stringPZ14_15PZ15_16res_dev14wTWNS,OBJECTID_12_13,-1,-1;OBJECTID_3 "OBJECTID_12" true true false 4 Long 0 0 ,First,#,\\firma.prod.loudoun.local\tdata\project\lcps\DavisDemographics\GEOS\GEOCODEdata2014.gdb\STUgeos2014_15stringPZ14_15PZ15_16res_dev14wTWNS,OBJECTID_12,-1,-1;ObjectID "ObjectID" true true false 4 Long 0 0 ,First,#,\\firma.prod.loudoun.local\tdata\project\lcps\DavisDemographics\GEOS\GEOCODEdata2014.gdb\STUgeos2014_15stringPZ14_15PZ15_16res_dev14wTWNS,ObjectID,-1,-1;Status "Status" true true false 1 Text 0 0 ,First,#,\\firma.prod.loudoun.local\tdata\project\lcps\DavisDemographics\GEOS\GEOCODEdata2014.gdb\STUgeos2014_15stringPZ14_15PZ15_16res_dev14wTWNS,Status,-1,-1;Score "Score" true true false 8 Double 0 0 ,First,#,\\firma.prod.loudoun.local\tdata\project\lcps\DavisDemographics\GEOS\GEOCODEdata2014.gdb\STUgeos2014_15stringPZ14_15PZ15_16res_dev14wTWNS,Score,-1,-1;Match_type "Match_type" true true false 2 Text 0 0 ,First,#,\\firma.prod.loudoun.local\tdata\project\lcps\DavisDemographics\GEOS\GEOCODEdata2014.gdb\STUgeos2014_15stringPZ14_15PZ15_16res_dev14wTWNS,Match_type,-1,-1;Match_addr "Match_addr" true true false 120 Text 0 0 ,First,#,\\firma.prod.loudoun.local\tdata\project\lcps\DavisDemographics\GEOS\GEOCODEdata2014.gdb\STUgeos2014_15stringPZ14_15PZ15_16res_dev14wTWNS,Match_addr,-1,-1;Side "Side" true true false 1 Text 0 0 ,First,#,\\firma.prod.loudoun.local\tdata\project\lcps\DavisDemographics\GEOS\GEOCODEdata2014.gdb\STUgeos2014_15stringPZ14_15PZ15_16res_dev14wTWNS,Side,-1,-1;Ref_ID "Ref_ID" true true false 4 Long 0 0 ,First,#,\\firma.prod.loudoun.local\tdata\project\lcps\DavisDemographics\GEOS\GEOCODEdata2014.gdb\STUgeos2014_15stringPZ14_15PZ15_16res_dev14wTWNS,Ref_ID,-1,-1;User_fld "User_fld" true true false 120 Text 0 0 ,First,#,\\firma.prod.loudoun.local\tdata\project\lcps\DavisDemographics\GEOS\GEOCODEdata2014.gdb\STUgeos2014_15stringPZ14_15PZ15_16res_dev14wTWNS,User_fld,-1,-1;Addr_type "Addr_type" true true false 20 Text 0 0 ,First,#,\\firma.prod.loudoun.local\tdata\project\lcps\DavisDemographics\GEOS\GEOCODEdata2014.gdb\STUgeos2014_15stringPZ14_15PZ15_16res_dev14wTWNS,Addr_type,-1,-1;ARC_Street "ARC_Street" true true false 100 Text 0 0 ,First,#,\\firma.prod.loudoun.local\tdata\project\lcps\DavisDemographics\GEOS\GEOCODEdata2014.gdb\STUgeos2014_15stringPZ14_15PZ15_16res_dev14wTWNS,ARC_Street,-1,-1;ARC_ZIP "ARC_ZIP" true true false 10 Text 0 0 ,First,#,\\firma.prod.loudoun.local\tdata\project\lcps\DavisDemographics\GEOS\GEOCODEdata2014.gdb\STUgeos2014_15stringPZ14_15PZ15_16res_dev14wTWNS,ARC_ZIP,-1,-1;LoudID "LoudID" true true false 4 Long 0 0 ,First,#,\\firma.prod.loudoun.local\tdata\project\lcps\DavisDemographics\GEOS\GEOCODEdata2014.gdb\STUgeos2014_15stringPZ14_15PZ15_16res_dev14wTWNS,LoudID,-1,-1;Address "Address" true true false 4 Long 0 0 ,First,#,\\firma.prod.loudoun.local\tdata\project\lcps\DavisDemographics\GEOS\GEOCODEdata2014.gdb\STUgeos2014_15stringPZ14_15PZ15_16res_dev14wTWNS,Address,-1,-1;AddressExt "AddressExt" true true false 255 Text 0 0 ,First,#,\\firma.prod.loudoun.local\tdata\project\lcps\DavisDemographics\GEOS\GEOCODEdata2014.gdb\STUgeos2014_15stringPZ14_15PZ15_16res_dev14wTWNS,AddressExt,-1,-1;Prefix "Prefix" true true false 255 Text 0 0 ,First,#,\\firma.prod.loudoun.local\tdata\project\lcps\DavisDemographics\GEOS\GEOCODEdata2014.gdb\STUgeos2014_15stringPZ14_15PZ15_16res_dev14wTWNS,Prefix,-1,-1;StreetName "StreetName" true true false 255 Text 0 0 ,First,#,\\firma.prod.loudoun.local\tdata\project\lcps\DavisDemographics\GEOS\GEOCODEdata2014.gdb\STUgeos2014_15stringPZ14_15PZ15_16res_dev14wTWNS,StreetName,-1,-1;StreetType "StreetType" true true false 255 Text 0 0 ,First,#,\\firma.prod.loudoun.local\tdata\project\lcps\DavisDemographics\GEOS\GEOCODEdata2014.gdb\STUgeos2014_15stringPZ14_15PZ15_16res_dev14wTWNS,StreetType,-1,-1;Suffix "Suffix" true true false 255 Text 0 0 ,First,#,\\firma.prod.loudoun.local\tdata\project\lcps\DavisDemographics\GEOS\GEOCODEdata2014.gdb\STUgeos2014_15stringPZ14_15PZ15_16res_dev14wTWNS,Suffix,-1,-1;ST_FULL_NA "ST_FULL_NAME" true true false 255 Text 0 0 ,First,#,\\firma.prod.loudoun.local\tdata\project\lcps\DavisDemographics\GEOS\GEOCODEdata2014.gdb\STUgeos2014_15stringPZ14_15PZ15_16res_dev14wTWNS,ST_FULL_NAME,-1,-1;ADD_ST_FUL "ADD_ST_FULL_NAME" true true false 255 Text 0 0 ,First,#,\\firma.prod.loudoun.local\tdata\project\lcps\DavisDemographics\GEOS\GEOCODEdata2014.gdb\STUgeos2014_15stringPZ14_15PZ15_16res_dev14wTWNS,ADD_ST_FULL_NAME,-1,-1;STR_NAME_S "STR_NAME_STR_TYPE" true true false 255 Text 0 0 ,First,#,\\firma.prod.loudoun.local\tdata\project\lcps\DavisDemographics\GEOS\GEOCODEdata2014.gdb\STUgeos2014_15stringPZ14_15PZ15_16res_dev14wTWNS,STR_NAME_STR_TYPE,-1,-1;ADD_ST_F_1 "ADD_ST_FULL_NAME_ZIP" true true false 255 Text 0 0 ,First,#,\\firma.prod.loudoun.local\tdata\project\lcps\DavisDemographics\GEOS\GEOCODEdata2014.gdb\STUgeos2014_15stringPZ14_15PZ15_16res_dev14wTWNS,ADD_ST_FULL_NAME_ZIP,-1,-1;ES14_15 "ES14_15" true true false 255 Text 0 0 ,First,#,\\firma.prod.loudoun.local\tdata\project\lcps\DavisDemographics\GEOS\GEOCODEdata2014.gdb\STUgeos2014_15stringPZ14_15PZ15_16res_dev14wTWNS,ES14_15,-1,-1;MS14_15 "MS14_15" true true false 255 Text 0 0 ,First,#,\\firma.prod.loudoun.local\tdata\project\lcps\DavisDemographics\GEOS\GEOCODEdata2014.gdb\STUgeos2014_15stringPZ14_15PZ15_16res_dev14wTWNS,MS14_15,-1,-1;HS14_15 "HS14_15" true true false 255 Text 0 0 ,First,#,\\firma.prod.loudoun.local\tdata\project\lcps\DavisDemographics\GEOS\GEOCODEdata2014.gdb\STUgeos2014_15stringPZ14_15PZ15_16res_dev14wTWNS,HS14_15,-1,-1;Town "Town" true true false 255 Text 0 0 ,First,#,\\firma.prod.loudoun.local\tdata\project\lcps\DavisDemographics\GEOS\GEOCODEdata2014.gdb\STUgeos2014_15stringPZ14_15PZ15_16res_dev14wTWNS,Town,-1,-1;Zip "Zip" true true false 4 Long 0 0 ,First,#,\\firma.prod.loudoun.local\tdata\project\lcps\DavisDemographics\GEOS\GEOCODEdata2014.gdb\STUgeos2014_15stringPZ14_15PZ15_16res_dev14wTWNS,Zip,-1,-1;Subdivsion "Subdivsion" true true false 255 Text 0 0 ,First,#,\\firma.prod.loudoun.local\tdata\project\lcps\DavisDemographics\GEOS\GEOCODEdata2014.gdb\STUgeos2014_15stringPZ14_15PZ15_16res_dev14wTWNS,Subdivsion,-1,-1;STUDENT_ID "STUDENT_ID" true true false 4 Long 0 0 ,First,#,\\firma.prod.loudoun.local\tdata\project\lcps\DavisDemographics\GEOS\GEOCODEdata2014.gdb\STUgeos2014_15stringPZ14_15PZ15_16res_dev14wTWNS,STUDENT_ID,-1,-1;GRID_CODE "GRID_CODE" true true false 4 Long 0 0 ,First,#,\\firma.prod.loudoun.local\tdata\project\lcps\DavisDemographics\GEOS\GEOCODEdata2014.gdb\STUgeos2014_15stringPZ14_15PZ15_16res_dev14wTWNS,GRID_CODE,-1,-1;LAST_NAME "LAST_NAME" true true false 255 Text 0 0 ,First,#,\\firma.prod.loudoun.local\tdata\project\lcps\DavisDemographics\GEOS\GEOCODEdata2014.gdb\STUgeos2014_15stringPZ14_15PZ15_16res_dev14wTWNS,LAST_NAME,-1,-1;FIRST_NAME "FIRST_NAME" true true false 255 Text 0 0 ,First,#,\\firma.prod.loudoun.local\tdata\project\lcps\DavisDemographics\GEOS\GEOCODEdata2014.gdb\STUgeos2014_15stringPZ14_15PZ15_16res_dev14wTWNS,FIRST_NAME,-1,-1;MID_INITIA "MID_INITIAL" true true false 255 Text 0 0 ,First,#,\\firma.prod.loudoun.local\tdata\project\lcps\DavisDemographics\GEOS\GEOCODEdata2014.gdb\STUgeos2014_15stringPZ14_15PZ15_16res_dev14wTWNS,MID_INITIAL,-1,-1;status_1 "status_1" true true false 255 Text 0 0 ,First,#,\\firma.prod.loudoun.local\tdata\project\lcps\DavisDemographics\GEOS\GEOCODEdata2014.gdb\STUgeos2014_15stringPZ14_15PZ15_16res_dev14wTWNS,status_1,-1,-1;GRADE_GIS "GRADE_GIS" true true false 4 Long 0 0 ,First,#,\\firma.prod.loudoun.local\tdata\project\lcps\DavisDemographics\GEOS\GEOCODEdata2014.gdb\STUgeos2014_15stringPZ14_15PZ15_16res_dev14wTWNS,GRADE_GIS,-1,-1;GRADE "GRADE" true true false 255 Text 0 0 ,First,#,\\firma.prod.loudoun.local\tdata\project\lcps\DavisDemographics\GEOS\GEOCODEdata2014.gdb\STUgeos2014_15stringPZ14_15PZ15_16res_dev14wTWNS,GRADE,-1,-1;HOME_TEACH "HOME_TEACHER" true true false 255 Text 0 0 ,First,#,\\firma.prod.loudoun.local\tdata\project\lcps\DavisDemographics\GEOS\GEOCODEdata2014.gdb\STUgeos2014_15stringPZ14_15PZ15_16res_dev14wTWNS,HOME_TEACHER,-1,-1;HOMEROOM "HOMEROOM" true true false 255 Text 0 0 ,First,#,\\firma.prod.loudoun.local\tdata\project\lcps\DavisDemographics\GEOS\GEOCODEdata2014.gdb\STUgeos2014_15stringPZ14_15PZ15_16res_dev14wTWNS,HOMEROOM,-1,-1;SpecialPro "SpecialProgramCode" true true false 255 Text 0 0 ,First,#,\\firma.prod.loudoun.local\tdata\project\lcps\DavisDemographics\GEOS\GEOCODEdata2014.gdb\STUgeos2014_15stringPZ14_15PZ15_16res_dev14wTWNS,SpecialProgramCode,-1,-1;Instructio "InstructionalSetting" true true false 255 Text 0 0 ,First,#,\\firma.prod.loudoun.local\tdata\project\lcps\DavisDemographics\GEOS\GEOCODEdata2014.gdb\STUgeos2014_15stringPZ14_15PZ15_16res_dev14wTWNS,InstructionalSetting,-1,-1;Active "Active" true true false 255 Text 0 0 ,First,#,\\firma.prod.loudoun.local\tdata\project\lcps\DavisDemographics\GEOS\GEOCODEdata2014.gdb\STUgeos2014_15stringPZ14_15PZ15_16res_dev14wTWNS,Active,-1,-1;CurrentSch "CurrentSchool" true true false 255 Text 0 0 ,First,#,\\firma.prod.loudoun.local\tdata\project\lcps\DavisDemographics\GEOS\GEOCODEdata2014.gdb\STUgeos2014_15stringPZ14_15PZ15_16res_dev14wTWNS,CurrentSchool,-1,-1;PreviousSc "PreviousSchool" true true false 255 Text 0 0 ,First,#,\\firma.prod.loudoun.local\tdata\project\lcps\DavisDemographics\GEOS\GEOCODEdata2014.gdb\STUgeos2014_15stringPZ14_15PZ15_16res_dev14wTWNS,PreviousSchool,-1,-1;IEP_FLAG "IEP_FLAG" true true false 255 Text 0 0 ,First,#,\\firma.prod.loudoun.local\tdata\project\lcps\DavisDemographics\GEOS\GEOCODEdata2014.gdb\STUgeos2014_15stringPZ14_15PZ15_16res_dev14wTWNS,IEP_FLAG,-1,-1;GENDER "GENDER" true true false 255 Text 0 0 ,First,#,\\firma.prod.loudoun.local\tdata\project\lcps\DavisDemographics\GEOS\GEOCODEdata2014.gdb\STUgeos2014_15stringPZ14_15PZ15_16res_dev14wTWNS,GENDER,-1,-1;ETHNIC "ETHNIC" true true false 255 Text 0 0 ,First,#,\\firma.prod.loudoun.local\tdata\project\lcps\DavisDemographics\GEOS\GEOCODEdata2014.gdb\STUgeos2014_15stringPZ14_15PZ15_16res_dev14wTWNS,ETHNIC,-1,-1;BIRTH "BIRTH" true true false 8 Date 0 0 ,First,#,\\firma.prod.loudoun.local\tdata\project\lcps\DavisDemographics\GEOS\GEOCODEdata2014.gdb\STUgeos2014_15stringPZ14_15PZ15_16res_dev14wTWNS,BIRTH,-1,-1;STREET_NUM "STREET_NUMBER" true true false 4 Long 0 0 ,First,#,\\firma.prod.loudoun.local\tdata\project\lcps\DavisDemographics\GEOS\GEOCODEdata2014.gdb\STUgeos2014_15stringPZ14_15PZ15_16res_dev14wTWNS,STREET_NUMBER,-1,-1;PH_STREET_ "PH_STREET_NAME" true true false 255 Text 0 0 ,First,#,\\firma.prod.loudoun.local\tdata\project\lcps\DavisDemographics\GEOS\GEOCODEdata2014.gdb\STUgeos2014_15stringPZ14_15PZ15_16res_dev14wTWNS,PH_STREET_NAME,-1,-1;APT "APT" true true false 255 Text 0 0 ,First,#,\\firma.prod.loudoun.local\tdata\project\lcps\DavisDemographics\GEOS\GEOCODEdata2014.gdb\STUgeos2014_15stringPZ14_15PZ15_16res_dev14wTWNS,APT,-1,-1;PH_FULL_AD "PH_FULL_ADDRESS" true true false 255 Text 0 0 ,First,#,\\firma.prod.loudoun.local\tdata\project\lcps\DavisDemographics\GEOS\GEOCODEdata2014.gdb\STUgeos2014_15stringPZ14_15PZ15_16res_dev14wTWNS,PH_FULL_ADDRESS,-1,-1;CITY "CITY" true true false 255 Text 0 0 ,First,#,\\firma.prod.loudoun.local\tdata\project\lcps\DavisDemographics\GEOS\GEOCODEdata2014.gdb\STUgeos2014_15stringPZ14_15PZ15_16res_dev14wTWNS,CITY,-1,-1;STATE "STATE" true true false 255 Text 0 0 ,First,#,\\firma.prod.loudoun.local\tdata\project\lcps\DavisDemographics\GEOS\GEOCODEdata2014.gdb\STUgeos2014_15stringPZ14_15PZ15_16res_dev14wTWNS,STATE,-1,-1;ZIP_5 "ZIP_5" true true false 4 Long 0 0 ,First,#,\\firma.prod.loudoun.local\tdata\project\lcps\DavisDemographics\GEOS\GEOCODEdata2014.gdb\STUgeos2014_15stringPZ14_15PZ15_16res_dev14wTWNS,ZIP_5,-1,-1;LEP_FLAG "LEP_FLAG" true true false 255 Text 0 0 ,First,#,\\firma.prod.loudoun.local\tdata\project\lcps\DavisDemographics\GEOS\GEOCODEdata2014.gdb\STUgeos2014_15stringPZ14_15PZ15_16res_dev14wTWNS,LEP_FLAG,-1,-1;LEP_PROG "LEP_PROG" true true false 255 Text 0 0 ,First,#,\\firma.prod.loudoun.local\tdata\project\lcps\DavisDemographics\GEOS\GEOCODEdata2014.gdb\STUgeos2014_15stringPZ14_15PZ15_16res_dev14wTWNS,LEP_PROG,-1,-1;FSI "FSI" true true false 4 Long 0 0 ,First,#,\\firma.prod.loudoun.local\tdata\project\lcps\DavisDemographics\GEOS\GEOCODEdata2014.gdb\STUgeos2014_15stringPZ14_15PZ15_16res_dev14wTWNS,FSI,-1,-1;HOMELESS "HOMELESS" true true false 255 Text 0 0 ,First,#,\\firma.prod.loudoun.local\tdata\project\lcps\DavisDemographics\GEOS\GEOCODEdata2014.gdb\STUgeos2014_15stringPZ14_15PZ15_16res_dev14wTWNS,HOMELESS,-1,-1;OBJECTID_4 "OBJECTID_1" true true false 4 Long 0 0 ,First,#,\\firma.prod.loudoun.local\tdata\project\lcps\DavisDemographics\GEOS\GEOCODEdata2014.gdb\STUgeos2014_15stringPZ14_15PZ15_16res_dev14wTWNS,OBJECTID_1,-1,-1;COUNT_ "COUNT_" true true false 8 Double 0 0 ,First,#,\\firma.prod.loudoun.local\tdata\project\lcps\DavisDemographics\GEOS\GEOCODEdata2014.gdb\STUgeos2014_15stringPZ14_15PZ15_16res_dev14wTWNS,COUNT_,-1,-1;STDYAREA "STDYAREA" true true false 16 Text 0 0 ,First,#,\\firma.prod.loudoun.local\tdata\project\lcps\DavisDemographics\GEOS\GEOCODEdata2014.gdb\STUgeos2014_15stringPZ14_15PZ15_16res_dev14wTWNS,STDYAREA,-1,-1;ELEM_ "ELEM_" true true false 4 Long 0 0 ,First,#,\\firma.prod.loudoun.local\tdata\project\lcps\DavisDemographics\GEOS\GEOCODEdata2014.gdb\STUgeos2014_15stringPZ14_15PZ15_16res_dev14wTWNS,ELEM_,-1,-1;INT_ "INT_" true true false 4 Long 0 0 ,First,#,\\firma.prod.loudoun.local\tdata\project\lcps\DavisDemographics\GEOS\GEOCODEdata2014.gdb\STUgeos2014_15stringPZ14_15PZ15_16res_dev14wTWNS,INT_,-1,-1;HIGH_ "HIGH_" true true false 4 Long 0 0 ,First,#,\\firma.prod.loudoun.local\tdata\project\lcps\DavisDemographics\GEOS\GEOCODEdata2014.gdb\STUgeos2014_15stringPZ14_15PZ15_16res_dev14wTWNS,HIGH_,-1,-1;ELEM_CODE "ELEM_CODE" true true false 16 Text 0 0 ,First,#,\\firma.prod.loudoun.local\tdata\project\lcps\DavisDemographics\GEOS\GEOCODEdata2014.gdb\STUgeos2014_15stringPZ14_15PZ15_16res_dev14wTWNS,ELEM_CODE,-1,-1;INT_CODE "INT_CODE" true true false 16 Text 0 0 ,First,#,\\firma.prod.loudoun.local\tdata\project\lcps\DavisDemographics\GEOS\GEOCODEdata2014.gdb\STUgeos2014_15stringPZ14_15PZ15_16res_dev14wTWNS,INT_CODE,-1,-1;HIGH_CODE "HIGH_CODE" true true false 16 Text 0 0 ,First,#,\\firma.prod.loudoun.local\tdata\project\lcps\DavisDemographics\GEOS\GEOCODEdata2014.gdb\STUgeos2014_15stringPZ14_15PZ15_16res_dev14wTWNS,HIGH_CODE,-1,-1;DISTRICT "DISTRICT" true true false 2 Text 0 0 ,First,#,\\firma.prod.loudoun.local\tdata\project\lcps\DavisDemographics\GEOS\GEOCODEdata2014.gdb\STUgeos2014_15stringPZ14_15PZ15_16res_dev14wTWNS,DISTRICT,-1,-1;UTILITIES "UTILITIES" true true false 5 Text 0 0 ,First,#,\\firma.prod.loudoun.local\tdata\project\lcps\DavisDemographics\GEOS\GEOCODEdata2014.gdb\STUgeos2014_15stringPZ14_15PZ15_16res_dev14wTWNS,UTILITIES,-1,-1;OBJECTID_5 "OBJECTID_2" true true false 4 Long 0 0 ,First,#,\\firma.prod.loudoun.local\tdata\project\lcps\DavisDemographics\GEOS\GEOCODEdata2014.gdb\STUgeos2014_15stringPZ14_15PZ15_16res_dev14wTWNS,OBJECTID_2,-1,-1;COUNT__1 "COUNT__1" true true false 8 Double 0 0 ,First,#,\\firma.prod.loudoun.local\tdata\project\lcps\DavisDemographics\GEOS\GEOCODEdata2014.gdb\STUgeos2014_15stringPZ14_15PZ15_16res_dev14wTWNS,COUNT__1,-1,-1;STDYAREA_1 "STDYAREA_1" true true false 16 Text 0 0 ,First,#,\\firma.prod.loudoun.local\tdata\project\lcps\DavisDemographics\GEOS\GEOCODEdata2014.gdb\STUgeos2014_15stringPZ14_15PZ15_16res_dev14wTWNS,STDYAREA_1,-1,-1;ELEM__1 "ELEM__1" true true false 4 Long 0 0 ,First,#,\\firma.prod.loudoun.local\tdata\project\lcps\DavisDemographics\GEOS\GEOCODEdata2014.gdb\STUgeos2014_15stringPZ14_15PZ15_16res_dev14wTWNS,ELEM__1,-1,-1;INT__1 "INT__1" true true false 4 Long 0 0 ,First,#,\\firma.prod.loudoun.local\tdata\project\lcps\DavisDemographics\GEOS\GEOCODEdata2014.gdb\STUgeos2014_15stringPZ14_15PZ15_16res_dev14wTWNS,INT__1,-1,-1;HIGH__1 "HIGH__1" true true false 4 Long 0 0 ,First,#,\\firma.prod.loudoun.local\tdata\project\lcps\DavisDemographics\GEOS\GEOCODEdata2014.gdb\STUgeos2014_15stringPZ14_15PZ15_16res_dev14wTWNS,HIGH__1,-1,-1;ELEM_CODE_ "ELEM_CODE_1" true true false 16 Text 0 0 ,First,#,\\firma.prod.loudoun.local\tdata\project\lcps\DavisDemographics\GEOS\GEOCODEdata2014.gdb\STUgeos2014_15stringPZ14_15PZ15_16res_dev14wTWNS,ELEM_CODE_1,-1,-1;INT_CODE_1 "INT_CODE_1" true true false 16 Text 0 0 ,First,#,\\firma.prod.loudoun.local\tdata\project\lcps\DavisDemographics\GEOS\GEOCODEdata2014.gdb\STUgeos2014_15stringPZ14_15PZ15_16res_dev14wTWNS,INT_CODE_1,-1,-1;HIGH_CODE_ "HIGH_CODE_1" true true false 16 Text 0 0 ,First,#,\\firma.prod.loudoun.local\tdata\project\lcps\DavisDemographics\GEOS\GEOCODEdata2014.gdb\STUgeos2014_15stringPZ14_15PZ15_16res_dev14wTWNS,HIGH_CODE_1,-1,-1;DISTRICT_1 "DISTRICT_1" true true false 2 Text 0 0 ,First,#,\\firma.prod.loudoun.local\tdata\project\lcps\DavisDemographics\GEOS\GEOCODEdata2014.gdb\STUgeos2014_15stringPZ14_15PZ15_16res_dev14wTWNS,DISTRICT_1,-1,-1;UTILITIES_ "UTILITIES_1" true true false 5 Text 0 0 ,First,#,\\firma.prod.loudoun.local\tdata\project\lcps\DavisDemographics\GEOS\GEOCODEdata2014.gdb\STUgeos2014_15stringPZ14_15PZ15_16res_dev14wTWNS,UTILITIES_1,-1,-1;OBJECTID_6 "OBJECTID_3" true true false 4 Long 0 0 ,First,#,\\firma.prod.loudoun.local\tdata\project\lcps\DavisDemographics\GEOS\GEOCODEdata2014.gdb\STUgeos2014_15stringPZ14_15PZ15_16res_dev14wTWNS,OBJECTID_3,-1,-1;REFERENCE "REFERENCE" true true false 30 Text 0 0 ,First,#,\\firma.prod.loudoun.local\tdata\project\lcps\DavisDemographics\GEOS\GEOCODEdata2014.gdb\STUgeos2014_15stringPZ14_15PZ15_16res_dev14wTWNS,REFERENCE,-1,-1;STATUS_2 "STATUS_2" true true false 10 Text 0 0 ,First,#,\\firma.prod.loudoun.local\tdata\project\lcps\DavisDemographics\GEOS\GEOCODEdata2014.gdb\STUgeos2014_15stringPZ14_15PZ15_16res_dev14wTWNS,STATUS_2,-1,-1;PROPOSED_S "PROPOSED_SFD" true true false 8 Double 0 0 ,First,#,\\firma.prod.loudoun.local\tdata\project\lcps\DavisDemographics\GEOS\GEOCODEdata2014.gdb\STUgeos2014_15stringPZ14_15PZ15_16res_dev14wTWNS,PROPOSED_SFD,-1,-1;PROPOSED_1 "PROPOSED_SFA" true true false 4 Long 0 0 ,First,#,\\firma.prod.loudoun.local\tdata\project\lcps\DavisDemographics\GEOS\GEOCODEdata2014.gdb\STUgeos2014_15stringPZ14_15PZ15_16res_dev14wTWNS,PROPOSED_SFA,-1,-1;PROPOSED_M "PROPOSED_MF" true true false 4 Long 0 0 ,First,#,\\firma.prod.loudoun.local\tdata\project\lcps\DavisDemographics\GEOS\GEOCODEdata2014.gdb\STUgeos2014_15stringPZ14_15PZ15_16res_dev14wTWNS,PROPOSED_MF,-1,-1;DEVELOPMEN "DEVELOPMENT_NAME" true true false 50 Text 0 0 ,First,#,\\firma.prod.loudoun.local\tdata\project\lcps\DavisDemographics\GEOS\GEOCODEdata2014.gdb\STUgeos2014_15stringPZ14_15PZ15_16res_dev14wTWNS,DEVELOPMENT_NAME,-1,-1;MARKETING_ "MARKETING_NAME" true true false 50 Text 0 0 ,First,#,\\firma.prod.loudoun.local\tdata\project\lcps\DavisDemographics\GEOS\GEOCODEdata2014.gdb\STUgeos2014_15stringPZ14_15PZ15_16res_dev14wTWNS,MARKETING_NAME,-1,-1;STUDYAREA "STUDYAREA" true true false 15 Text 0 0 ,First,#,\\firma.prod.loudoun.local\tdata\project\lcps\DavisDemographics\GEOS\GEOCODEdata2014.gdb\STUgeos2014_15stringPZ14_15PZ15_16res_dev14wTWNS,STUDYAREA,-1,-1;DISTRICT_2 "DISTRICT_2" true true false 5 Text 0 0 ,First,#,\\firma.prod.loudoun.local\tdata\project\lcps\DavisDemographics\GEOS\GEOCODEdata2014.gdb\STUgeos2014_15stringPZ14_15PZ15_16res_dev14wTWNS,DISTRICT_2,-1,-1;COUNT__2 "COUNT__2" true true false 2 Short 0 0 ,First,#,\\firma.prod.loudoun.local\tdata\project\lcps\DavisDemographics\GEOS\GEOCODEdata2014.gdb\STUgeos2014_15stringPZ14_15PZ15_16res_dev14wTWNS,COUNT__2,-1,-1;ADDRESSED_ "ADDRESSED_SFD" true true false 4 Long 0 0 ,First,#,\\firma.prod.loudoun.local\tdata\project\lcps\DavisDemographics\GEOS\GEOCODEdata2014.gdb\STUgeos2014_15stringPZ14_15PZ15_16res_dev14wTWNS,ADDRESSED_SFD,-1,-1;ADDRESSED1 "ADDRESSED_SFA" true true false 4 Long 0 0 ,First,#,\\firma.prod.loudoun.local\tdata\project\lcps\DavisDemographics\GEOS\GEOCODEdata2014.gdb\STUgeos2014_15stringPZ14_15PZ15_16res_dev14wTWNS,ADDRESSED_SFA,-1,-1;ADDRESSE_1 "ADDRESSED_MF" true true false 4 Long 0 0 ,First,#,\\firma.prod.loudoun.local\tdata\project\lcps\DavisDemographics\GEOS\GEOCODEdata2014.gdb\STUgeos2014_15stringPZ14_15PZ15_16res_dev14wTWNS,ADDRESSED_MF,-1,-1;BUILDING_P "BUILDING_PERMITS" true true false 2 Short 0 0 ,First,#,\\firma.prod.loudoun.local\tdata\project\lcps\DavisDemographics\GEOS\GEOCODEdata2014.gdb\STUgeos2014_15stringPZ14_15PZ15_16res_dev14wTWNS,BUILDING_PERMITS,-1,-1;NOTES "NOTES" true true false 150 Text 0 0 ,First,#,\\firma.prod.loudoun.local\tdata\project\lcps\DavisDemographics\GEOS\GEOCODEdata2014.gdb\STUgeos2014_15stringPZ14_15PZ15_16res_dev14wTWNS,NOTES,-1,-1;PROPOSED_T "PROPOSED_TOTAL" true true false 4 Long 0 0 ,First,#,\\firma.prod.loudoun.local\tdata\project\lcps\DavisDemographics\GEOS\GEOCODEdata2014.gdb\STUgeos2014_15stringPZ14_15PZ15_16res_dev14wTWNS,PROPOSED_TOTAL,-1,-1;ADDRESSE_2 "ADDRESSED_TOTAL" true true false 4 Long 0 0 ,First,#,\\firma.prod.loudoun.local\tdata\project\lcps\DavisDemographics\GEOS\GEOCODEdata2014.gdb\STUgeos2014_15stringPZ14_15PZ15_16res_dev14wTWNS,ADDRESSED_TOTAL,-1,-1;UPD_DATE "UPD_DATE" true true false 8 Date 0 0 ,First,#,\\firma.prod.loudoun.local\tdata\project\lcps\DavisDemographics\GEOS\GEOCODEdata2014.gdb\STUgeos2014_15stringPZ14_15PZ15_16res_dev14wTWNS,UPD_DATE,-1,-1;OBJECTID_7 "OBJECTID_4" true true false 4 Long 0 0 ,First,#,\\firma.prod.loudoun.local\tdata\project\lcps\DavisDemographics\GEOS\GEOCODEdata2014.gdb\STUgeos2014_15stringPZ14_15PZ15_16res_dev14wTWNS,OBJECTID_4,-1,-1;TO_TOWN "TO_TOWN" true true false 20 Text 0 0 ,First,#,\\firma.prod.loudoun.local\tdata\project\lcps\DavisDemographics\GEOS\GEOCODEdata2014.gdb\STUgeos2014_15stringPZ14_15PZ15_16res_dev14wTWNS,TO_TOWN,-1,-1;TO_UPD_SOU "TO_UPD_SOURCE" true true false 2 Short 0 0 ,First,#,\\firma.prod.loudoun.local\tdata\project\lcps\DavisDemographics\GEOS\GEOCODEdata2014.gdb\STUgeos2014_15stringPZ14_15PZ15_16res_dev14wTWNS,TO_UPD_SOURCE,-1,-1;TO_UPD_DAT "TO_UPD_DATE" true true false 8 Date 0 0 ,First,#,\\firma.prod.loudoun.local\tdata\project\lcps\DavisDemographics\GEOS\GEOCODEdata2014.gdb\STUgeos2014_15stringPZ14_15PZ15_16res_dev14wTWNS,TO_UPD_DATE,-1,-1;TO_UPD_USE "TO_UPD_USER" true true false 2 Short 0 0 ,First,#,\\firma.prod.loudoun.local\tdata\project\lcps\DavisDemographics\GEOS\GEOCODEdata2014.gdb\STUgeos2014_15stringPZ14_15PZ15_16res_dev14wTWNS,TO_UPD_USER,-1,-1;ST_Area_SH "ST_Area(SHAPE)" true true true 8 Double 0 0 ,First,#,\\firma.prod.loudoun.local\tdata\project\lcps\DavisDemographics\GEOS\GEOCODEdata2014.gdb\STUgeos2014_15stringPZ14_15PZ15_16res_dev14wTWNS,ST_Area_SHAPE_,-1,-1;SdeLength_ "SdeLength(SHAPE)" true true true 8 Double 0 0 ,First,#,\\firma.prod.loudoun.local\tdata\project\lcps\DavisDemographics\GEOS\GEOCODEdata2014.gdb\STUgeos2014_15stringPZ14_15PZ15_16res_dev14wTWNS,SdeLength_SHAPE_,-1,-1" #</Process><Process ToolSource="c:\program files (x86)\arcgis\desktop10.5\ArcToolbox\Toolboxes\Data Management Tools.tbx\CalculateField" Date="20170608" Time="143000">CalculateField 2014_15Geocodes GRD [GRADE] VB #</Process><Process ToolSource="c:\program files (x86)\arcgis\desktop10.5\ArcToolbox\Toolboxes\Data Management Tools.tbx\CalculateField" Date="20170608" Time="143306">CalculateField 2014_15Geocodes GRD [GRADE] VB #</Process><Process ToolSource="c:\program files (x86)\arcgis\desktop10.5\ArcToolbox\Toolboxes\Data Management Tools.tbx\CalculateField" Date="20170608" Time="143604">CalculateField 2014_15Geocodes GRD [GRADE] VB #</Process><Process ToolSource="c:\program files (x86)\arcgis\desktop10.5\ArcToolbox\Toolboxes\Data Management Tools.tbx\CalculateField" Date="20170608" Time="144948">CalculateField 2014_15Geocodes GRD 12 VB #</Process><Process ToolSource="c:\program files (x86)\arcgis\desktop10.5\ArcToolbox\Toolboxes\Data Management Tools.tbx\CalculateField" Date="20170608" Time="145033">CalculateField 2014_15Geocodes GRD 0 VB #</Process><Process ToolSource="c:\program files (x86)\arcgis\desktop10.5\ArcToolbox\Toolboxes\Data Management Tools.tbx\CalculateField" Date="20170608" Time="145125">CalculateField 2014_15Geocodes GRD 14 VB #</Process><Process ToolSource="c:\program files (x86)\arcgis\desktop10.5\ArcToolbox\Toolboxes\Data Management Tools.tbx\CalculateField" Date="20170609" Time="092717">CalculateField 2014_15Geocodes STUTYPE "CH" VB #</Process><Process ToolSource="c:\program files (x86)\arcgis\desktop10.5\ArcToolbox\Toolboxes\Data Management Tools.tbx\CalculateField" Date="20170609" Time="092908">CalculateField 2014_15Geocodes STUTYPE "CH" VB #</Process><Process ToolSource="c:\program files (x86)\arcgis\desktop10.5\ArcToolbox\Toolboxes\Data Management Tools.tbx\CalculateField" Date="20170609" Time="093718">CalculateField 2014_15Geocodes STUTYPE "CH" VB #</Process><Process ToolSource="c:\program files (x86)\arcgis\desktop10.5\ArcToolbox\Toolboxes\Data Management Tools.tbx\CalculateField" Date="20170609" Time="095338">CalculateField 2014_15Geocodes SCHL_CODE [ELEM_] VB #</Process><Process ToolSource="c:\program files (x86)\arcgis\desktop10.5\ArcToolbox\Toolboxes\Data Management Tools.tbx\CalculateField" Date="20170609" Time="095704">CalculateField 2014_15Geocodes SCHL_CODE [HIGH_] VB #</Process><Process ToolSource="c:\program files (x86)\arcgis\desktop10.5\ArcToolbox\Toolboxes\Data Management Tools.tbx\CalculateField" Date="20170609" Time="095744">CalculateField 2014_15Geocodes SCHL_CODE [INT_] VB #</Process><Process ToolSource="c:\program files (x86)\arcgis\desktop10.5\ArcToolbox\Toolboxes\Data Management Tools.tbx\CalculateField" Date="20170609" Time="100406">CalculateField 2014_15Geocodes CRNT_SCHL 101 VB #</Process><Process ToolSource="c:\program files (x86)\arcgis\desktop10.5\ArcToolbox\Toolboxes\Data Management Tools.tbx\CalculateField" Date="20170609" Time="100457">CalculateField 2014_15Geocodes CRNT_SCHL [SCHL_CODE] VB #</Process><Process ToolSource="c:\program files (x86)\arcgis\desktop10.5\ArcToolbox\Toolboxes\Data Management Tools.tbx\CalculateField" Date="20170609" Time="100522">CalculateField 2014_15Geocodes CRNT_SCHL 102 VB #</Process><Process ToolSource="c:\program files (x86)\arcgis\desktop10.5\ArcToolbox\Toolboxes\Data Management Tools.tbx\CalculateField" Date="20170609" Time="100543">CalculateField 2014_15Geocodes CRNT_SCHL 103 VB #</Process><Process ToolSource="c:\program files (x86)\arcgis\desktop10.5\ArcToolbox\Toolboxes\Data Management Tools.tbx\CalculateField" Date="20170609" Time="100602">CalculateField 2014_15Geocodes CRNT_SCHL 104 VB #</Process><Process ToolSource="c:\program files (x86)\arcgis\desktop10.5\ArcToolbox\Toolboxes\Data Management Tools.tbx\CalculateField" Date="20170609" Time="100619">CalculateField 2014_15Geocodes CRNT_SCHL 105 VB #</Process><Process ToolSource="c:\program files (x86)\arcgis\desktop10.5\ArcToolbox\Toolboxes\Data Management Tools.tbx\CalculateField" Date="20170609" Time="100643">CalculateField 2014_15Geocodes CRNT_SCHL 106 VB #</Process><Process ToolSource="c:\program files (x86)\arcgis\desktop10.5\ArcToolbox\Toolboxes\Data Management Tools.tbx\CalculateField" Date="20170609" Time="100706">CalculateField 2014_15Geocodes CRNT_SCHL 201 VB #</Process><Process ToolSource="c:\program files (x86)\arcgis\desktop10.5\ArcToolbox\Toolboxes\Data Management Tools.tbx\CalculateField" Date="20170609" Time="100724">CalculateField 2014_15Geocodes CRNT_SCHL 301 VB #</Process><Process ToolSource="c:\program files (x86)\arcgis\desktop10.5\ArcToolbox\Toolboxes\Data Management Tools.tbx\CalculateField" Date="20170609" Time="100742">CalculateField 2014_15Geocodes CRNT_SCHL 202 VB #</Process><Process ToolSource="c:\program files (x86)\arcgis\desktop10.5\ArcToolbox\Toolboxes\Data Management Tools.tbx\CalculateField" Date="20170609" Time="100812">CalculateField 2014_15Geocodes CRNT_SCHL 107 VB #</Process><Process ToolSource="c:\program files (x86)\arcgis\desktop10.5\ArcToolbox\Toolboxes\Data Management Tools.tbx\CalculateField" Date="20170609" Time="100905">CalculateField 2014_15Geocodes CRNT_SCHL 152 VB #</Process><Process ToolSource="c:\program files (x86)\arcgis\desktop10.5\ArcToolbox\Toolboxes\Data Management Tools.tbx\CalculateField" Date="20170609" Time="100929">CalculateField 2014_15Geocodes CRNT_SCHL 309 VB #</Process><Process ToolSource="c:\program files (x86)\arcgis\desktop10.5\ArcToolbox\Toolboxes\Data Management Tools.tbx\CalculateField" Date="20170609" Time="101049">CalculateField 2014_15Geocodes CRNT_SCHL 108 VB #</Process><Process ToolSource="c:\program files (x86)\arcgis\desktop10.5\ArcToolbox\Toolboxes\Data Management Tools.tbx\CalculateField" Date="20170609" Time="101157">CalculateField 2014_15Geocodes CRNT_SCHL 151 VB #</Process><Process ToolSource="c:\program files (x86)\arcgis\desktop10.5\ArcToolbox\Toolboxes\Data Management Tools.tbx\CalculateField" Date="20170609" Time="101218">CalculateField 2014_15Geocodes CRNT_SCHL 109 VB #</Process><Process ToolSource="c:\program files (x86)\arcgis\desktop10.5\ArcToolbox\Toolboxes\Data Management Tools.tbx\CalculateField" Date="20170609" Time="101236">CalculateField 2014_15Geocodes CRNT_SCHL 156 VB #</Process><Process ToolSource="c:\program files (x86)\arcgis\desktop10.5\ArcToolbox\Toolboxes\Data Management Tools.tbx\CalculateField" Date="20170609" Time="101336">CalculateField 2014_15Geocodes SCHL_CODE 110 VB #</Process><Process ToolSource="c:\program files (x86)\arcgis\desktop10.5\ArcToolbox\Toolboxes\Data Management Tools.tbx\CalculateField" Date="20170609" Time="101411">CalculateField 2014_15Geocodes SCHL_CODE [ELEM_] VB #</Process><Process ToolSource="c:\program files (x86)\arcgis\desktop10.5\ArcToolbox\Toolboxes\Data Management Tools.tbx\CalculateField" Date="20170609" Time="101427">CalculateField 2014_15Geocodes CRNT_SCHL 110 VB #</Process><Process ToolSource="c:\program files (x86)\arcgis\desktop10.5\ArcToolbox\Toolboxes\Data Management Tools.tbx\CalculateField" Date="20170609" Time="101448">CalculateField 2014_15Geocodes CRNT_SCHL 111 VB #</Process><Process ToolSource="c:\program files (x86)\arcgis\desktop10.5\ArcToolbox\Toolboxes\Data Management Tools.tbx\CalculateField" Date="20170609" Time="102855">CalculateField 2014_15Geocodes CRNT_SCHL 313 VB #</Process><Process ToolSource="c:\program files (x86)\arcgis\desktop10.5\ArcToolbox\Toolboxes\Data Management Tools.tbx\CalculateField" Date="20170609" Time="104054">CalculateField 2014_15Geocodes CRNT_SCHL 154 VB #</Process><Process ToolSource="c:\program files (x86)\arcgis\desktop10.5\ArcToolbox\Toolboxes\Data Management Tools.tbx\CalculateField" Date="20170609" Time="104203">CalculateField 2014_15Geocodes CRNT_SCHL 302 VB #</Process><Process ToolSource="c:\program files (x86)\arcgis\desktop10.5\ArcToolbox\Toolboxes\Data Management Tools.tbx\CalculateField" Date="20170609" Time="104221">CalculateField 2014_15Geocodes CRNT_SCHL 112 VB #</Process><Process ToolSource="c:\program files (x86)\arcgis\desktop10.5\ArcToolbox\Toolboxes\Data Management Tools.tbx\CalculateField" Date="20170609" Time="104659">CalculateField 2014_15Geocodes CRNT_SCHL 113 VB #</Process><Process ToolSource="c:\program files (x86)\arcgis\desktop10.5\ArcToolbox\Toolboxes\Data Management Tools.tbx\CalculateField" Date="20170609" Time="104715">CalculateField 2014_15Geocodes CRNT_SCHL 203 VB #</Process><Process ToolSource="c:\program files (x86)\arcgis\desktop10.5\ArcToolbox\Toolboxes\Data Management Tools.tbx\CalculateField" Date="20170609" Time="104738">CalculateField 2014_15Geocodes CRNT_SCHL 114 VB #</Process><Process ToolSource="c:\program files (x86)\arcgis\desktop10.5\ArcToolbox\Toolboxes\Data Management Tools.tbx\CalculateField" Date="20170609" Time="104758">CalculateField 2014_15Geocodes CRNT_SCHL 153 VB #</Process><Process ToolSource="c:\program files (x86)\arcgis\desktop10.5\ArcToolbox\Toolboxes\Data Management Tools.tbx\CalculateField" Date="20170609" Time="104833">CalculateField 2014_15Geocodes CRNT_SCHL 116 VB #</Process><Process ToolSource="c:\program files (x86)\arcgis\desktop10.5\ArcToolbox\Toolboxes\Data Management Tools.tbx\CalculateField" Date="20170609" Time="104851">CalculateField 2014_15Geocodes CRNT_SCHL 310 VB #</Process><Process ToolSource="c:\program files (x86)\arcgis\desktop10.5\ArcToolbox\Toolboxes\Data Management Tools.tbx\CalculateField" Date="20170609" Time="104918">CalculateField 2014_15Geocodes CRNT_SCHL 115 VB #</Process><Process ToolSource="c:\program files (x86)\arcgis\desktop10.5\ArcToolbox\Toolboxes\Data Management Tools.tbx\CalculateField" Date="20170609" Time="104945">CalculateField 2014_15Geocodes CRNT_SCHL 204 VB #</Process><Process ToolSource="c:\program files (x86)\arcgis\desktop10.5\ArcToolbox\Toolboxes\Data Management Tools.tbx\CalculateField" Date="20170609" Time="105005">CalculateField 2014_15Geocodes CRNT_SCHL 117 VB #</Process><Process ToolSource="c:\program files (x86)\arcgis\desktop10.5\ArcToolbox\Toolboxes\Data Management Tools.tbx\CalculateField" Date="20170609" Time="105020">CalculateField 2014_15Geocodes CRNT_SCHL 118 VB #</Process><Process ToolSource="c:\program files (x86)\arcgis\desktop10.5\ArcToolbox\Toolboxes\Data Management Tools.tbx\CalculateField" Date="20170609" Time="105040">CalculateField 2014_15Geocodes CRNT_SCHL 119 VB #</Process><Process ToolSource="c:\program files (x86)\arcgis\desktop10.5\ArcToolbox\Toolboxes\Data Management Tools.tbx\CalculateField" Date="20170609" Time="105104">CalculateField 2014_15Geocodes CRNT_SCHL 120 VB #</Process><Process ToolSource="c:\program files (x86)\arcgis\desktop10.5\ArcToolbox\Toolboxes\Data Management Tools.tbx\CalculateField" Date="20170609" Time="105119">CalculateField 2014_15Geocodes CRNT_SCHL 206 VB #</Process><Process ToolSource="c:\program files (x86)\arcgis\desktop10.5\ArcToolbox\Toolboxes\Data Management Tools.tbx\CalculateField" Date="20170609" Time="105139">CalculateField 2014_15Geocodes CRNT_SCHL 205 VB #</Process><Process ToolSource="c:\program files (x86)\arcgis\desktop10.5\ArcToolbox\Toolboxes\Data Management Tools.tbx\CalculateField" Date="20170609" Time="105201">CalculateField 2014_15Geocodes CRNT_SCHL 121 VB #</Process><Process ToolSource="c:\program files (x86)\arcgis\desktop10.5\ArcToolbox\Toolboxes\Data Management Tools.tbx\CalculateField" Date="20170609" Time="105219">CalculateField 2014_15Geocodes CRNT_SCHL 303 VB #</Process><Process ToolSource="c:\program files (x86)\arcgis\desktop10.5\ArcToolbox\Toolboxes\Data Management Tools.tbx\CalculateField" Date="20170609" Time="105239">CalculateField 2014_15Geocodes CRNT_SCHL 122 VB #</Process><Process ToolSource="c:\program files (x86)\arcgis\desktop10.5\ArcToolbox\Toolboxes\Data Management Tools.tbx\CalculateField" Date="20170609" Time="105256">CalculateField 2014_15Geocodes CRNT_SCHL 315 VB #</Process><Process ToolSource="c:\program files (x86)\arcgis\desktop10.5\ArcToolbox\Toolboxes\Data Management Tools.tbx\CalculateField" Date="20170609" Time="105318">CalculateField 2014_15Geocodes CRNT_SCHL 209 VB #</Process><Process ToolSource="c:\program files (x86)\arcgis\desktop10.5\ArcToolbox\Toolboxes\Data Management Tools.tbx\CalculateField" Date="20170609" Time="105338">CalculateField 2014_15Geocodes CRNT_SCHL 214 VB #</Process><Process ToolSource="c:\program files (x86)\arcgis\desktop10.5\ArcToolbox\Toolboxes\Data Management Tools.tbx\CalculateField" Date="20170609" Time="105400">CalculateField 2014_15Geocodes CRNT_SCHL 148 VB #</Process><Process ToolSource="c:\program files (x86)\arcgis\desktop10.5\ArcToolbox\Toolboxes\Data Management Tools.tbx\CalculateField" Date="20170609" Time="105540">CalculateField 2014_15Geocodes CRNT_SCHL 304 VB #</Process><Process ToolSource="c:\program files (x86)\arcgis\desktop10.5\ArcToolbox\Toolboxes\Data Management Tools.tbx\CalculateField" Date="20170609" Time="105558">CalculateField 2014_15Geocodes CRNT_SCHL 123 VB #</Process><Process ToolSource="c:\program files (x86)\arcgis\desktop10.5\ArcToolbox\Toolboxes\Data Management Tools.tbx\CalculateField" Date="20170609" Time="105616">CalculateField 2014_15Geocodes CRNT_SCHL 143 VB #</Process><Process ToolSource="c:\program files (x86)\arcgis\desktop10.5\ArcToolbox\Toolboxes\Data Management Tools.tbx\CalculateField" Date="20170609" Time="105636">CalculateField 2014_15Geocodes CRNT_SCHL 149 VB #</Process><Process ToolSource="c:\program files (x86)\arcgis\desktop10.5\ArcToolbox\Toolboxes\Data Management Tools.tbx\CalculateField" Date="20170609" Time="105708">CalculateField 2014_15Geocodes CRNT_SCHL 124 VB #</Process><Process ToolSource="c:\program files (x86)\arcgis\desktop10.5\ArcToolbox\Toolboxes\Data Management Tools.tbx\CalculateField" Date="20170609" Time="105732">CalculateField 2014_15Geocodes CRNT_SCHL 125 VB #</Process><Process ToolSource="c:\program files (x86)\arcgis\desktop10.5\ArcToolbox\Toolboxes\Data Management Tools.tbx\CalculateField" Date="20170609" Time="105803">CalculateField 2014_15Geocodes CRNT_SCHL 126 VB #</Process><Process ToolSource="c:\program files (x86)\arcgis\desktop10.5\ArcToolbox\Toolboxes\Data Management Tools.tbx\CalculateField" Date="20170609" Time="105822">CalculateField 2014_15Geocodes CRNT_SCHL 127 VB #</Process><Process ToolSource="c:\program files (x86)\arcgis\desktop10.5\ArcToolbox\Toolboxes\Data Management Tools.tbx\CalculateField" Date="20170609" Time="105839">CalculateField 2014_15Geocodes CRNT_SCHL 128 VB #</Process><Process ToolSource="c:\program files (x86)\arcgis\desktop10.5\ArcToolbox\Toolboxes\Data Management Tools.tbx\CalculateField" Date="20170609" Time="105856">CalculateField 2014_15Geocodes CRNT_SCHL 305 VB #</Process><Process ToolSource="c:\program files (x86)\arcgis\desktop10.5\ArcToolbox\Toolboxes\Data Management Tools.tbx\CalculateField" Date="20170609" Time="110057">CalculateField 2014_15Geocodes CRNT_SCHL 130 VB #</Process><Process ToolSource="c:\program files (x86)\arcgis\desktop10.5\ArcToolbox\Toolboxes\Data Management Tools.tbx\CalculateField" Date="20170609" Time="110203">CalculateField 2014_15Geocodes CRNT_SCHL 129 VB #</Process><Process ToolSource="c:\program files (x86)\arcgis\desktop10.5\ArcToolbox\Toolboxes\Data Management Tools.tbx\CalculateField" Date="20170609" Time="110233">CalculateField 2014_15Geocodes CRNT_SCHL 131 VB #</Process><Process ToolSource="c:\program files (x86)\arcgis\desktop10.5\ArcToolbox\Toolboxes\Data Management Tools.tbx\CalculateField" Date="20170609" Time="110248">CalculateField 2014_15Geocodes CRNT_SCHL 207 VB #</Process><Process ToolSource="c:\program files (x86)\arcgis\desktop10.5\ArcToolbox\Toolboxes\Data Management Tools.tbx\CalculateField" Date="20170609" Time="110307">CalculateField 2014_15Geocodes CRNT_SCHL 155 VB #</Process><Process ToolSource="c:\program files (x86)\arcgis\desktop10.5\ArcToolbox\Toolboxes\Data Management Tools.tbx\CalculateField" Date="20170609" Time="110637">CalculateField 2014_15Geocodes CRNT_SCHL 312 VB #</Process><Process ToolSource="c:\program files (x86)\arcgis\desktop10.5\ArcToolbox\Toolboxes\Data Management Tools.tbx\CalculateField" Date="20170609" Time="110653">CalculateField 2014_15Geocodes CRNT_SCHL 132 VB #</Process><Process ToolSource="c:\program files (x86)\arcgis\desktop10.5\ArcToolbox\Toolboxes\Data Management Tools.tbx\CalculateField" Date="20170609" Time="110711">CalculateField 2014_15Geocodes CRNT_SCHL 144 VB #</Process><Process ToolSource="c:\program files (x86)\arcgis\desktop10.5\ArcToolbox\Toolboxes\Data Management Tools.tbx\CalculateField" Date="20170609" Time="110738">CalculateField 2014_15Geocodes CRNT_SCHL 307 VB #</Process><Process ToolSource="c:\program files (x86)\arcgis\desktop10.5\ArcToolbox\Toolboxes\Data Management Tools.tbx\CalculateField" Date="20170609" Time="110755">CalculateField 2014_15Geocodes CRNT_SCHL 133 VB #</Process><Process ToolSource="c:\program files (x86)\arcgis\desktop10.5\ArcToolbox\Toolboxes\Data Management Tools.tbx\CalculateField" Date="20170609" Time="110816">CalculateField 2014_15Geocodes CRNT_SCHL 145 VB #</Process><Process ToolSource="c:\program files (x86)\arcgis\desktop10.5\ArcToolbox\Toolboxes\Data Management Tools.tbx\CalculateField" Date="20170609" Time="110836">CalculateField 2014_15Geocodes CRNT_SCHL 306 VB #</Process><Process ToolSource="c:\program files (x86)\arcgis\desktop10.5\ArcToolbox\Toolboxes\Data Management Tools.tbx\CalculateField" Date="20170609" Time="110906">CalculateField 2014_15Geocodes CRNT_SCHL 208 VB #</Process><Process ToolSource="c:\program files (x86)\arcgis\desktop10.5\ArcToolbox\Toolboxes\Data Management Tools.tbx\CalculateField" Date="20170609" Time="110924">CalculateField 2014_15Geocodes CRNT_SCHL 135 VB #</Process><Process ToolSource="c:\program files (x86)\arcgis\desktop10.5\ArcToolbox\Toolboxes\Data Management Tools.tbx\CalculateField" Date="20170609" Time="110946">CalculateField 2014_15Geocodes CRNT_SCHL 146 VB #</Process><Process ToolSource="c:\program files (x86)\arcgis\desktop10.5\ArcToolbox\Toolboxes\Data Management Tools.tbx\CalculateField" Date="20170609" Time="111009">CalculateField 2014_15Geocodes CRNT_SCHL 134 VB #</Process><Process ToolSource="c:\program files (x86)\arcgis\desktop10.5\ArcToolbox\Toolboxes\Data Management Tools.tbx\CalculateField" Date="20170609" Time="111026">CalculateField 2014_15Geocodes CRNT_SCHL 316 VB #</Process><Process ToolSource="c:\program files (x86)\arcgis\desktop10.5\ArcToolbox\Toolboxes\Data Management Tools.tbx\CalculateField" Date="20170609" Time="111202">CalculateField 2014_15Geocodes CRNT_SCHL 136 VB #</Process><Process ToolSource="c:\program files (x86)\arcgis\desktop10.5\ArcToolbox\Toolboxes\Data Management Tools.tbx\CalculateField" Date="20170609" Time="111222">CalculateField 2014_15Geocodes CRNT_SCHL 308 VB #</Process><Process ToolSource="c:\program files (x86)\arcgis\desktop10.5\ArcToolbox\Toolboxes\Data Management Tools.tbx\CalculateField" Date="20170609" Time="111236">CalculateField 2014_15Geocodes CRNT_SCHL 137 VB #</Process><Process ToolSource="c:\program files (x86)\arcgis\desktop10.5\ArcToolbox\Toolboxes\Data Management Tools.tbx\CalculateField" Date="20170609" Time="111311">CalculateField 2014_15Geocodes CRNT_SCHL 213 VB #</Process><Process ToolSource="c:\program files (x86)\arcgis\desktop10.5\ArcToolbox\Toolboxes\Data Management Tools.tbx\CalculateField" Date="20170609" Time="111335">CalculateField 2014_15Geocodes CRNT_SCHL 211 VB #</Process><Process ToolSource="c:\program files (x86)\arcgis\desktop10.5\ArcToolbox\Toolboxes\Data Management Tools.tbx\CalculateField" Date="20170609" Time="111352">CalculateField 2014_15Geocodes CRNT_SCHL 210 VB #</Process><Process ToolSource="c:\program files (x86)\arcgis\desktop10.5\ArcToolbox\Toolboxes\Data Management Tools.tbx\CalculateField" Date="20170609" Time="111409">CalculateField 2014_15Geocodes CRNT_SCHL 138 VB #</Process><Process ToolSource="c:\program files (x86)\arcgis\desktop10.5\ArcToolbox\Toolboxes\Data Management Tools.tbx\CalculateField" Date="20170609" Time="111429">CalculateField 2014_15Geocodes CRNT_SCHL 212 VB #</Process><Process ToolSource="c:\program files (x86)\arcgis\desktop10.5\ArcToolbox\Toolboxes\Data Management Tools.tbx\CalculateField" Date="20170609" Time="111443">CalculateField 2014_15Geocodes CRNT_SCHL 150 VB #</Process><Process ToolSource="c:\program files (x86)\arcgis\desktop10.5\ArcToolbox\Toolboxes\Data Management Tools.tbx\CalculateField" Date="20170609" Time="111500">CalculateField 2014_15Geocodes CRNT_SCHL 139 VB #</Process><Process ToolSource="c:\program files (x86)\arcgis\desktop10.5\ArcToolbox\Toolboxes\Data Management Tools.tbx\CalculateField" Date="20170609" Time="111533">CalculateField 2014_15Geocodes CRNT_SCHL 140 VB #</Process><Process ToolSource="c:\program files (x86)\arcgis\desktop10.5\ArcToolbox\Toolboxes\Data Management Tools.tbx\CalculateField" Date="20170609" Time="111554">CalculateField 2014_15Geocodes CRNT_SCHL 147 VB #</Process><Process ToolSource="c:\program files (x86)\arcgis\desktop10.5\ArcToolbox\Toolboxes\Data Management Tools.tbx\CalculateField" Date="20170609" Time="111614">CalculateField 2014_15Geocodes CRNT_SCHL 314 VB #</Process><Process ToolSource="c:\program files (x86)\arcgis\desktop10.5\ArcToolbox\Toolboxes\Data Management Tools.tbx\CalculateField" Date="20170609" Time="111636">CalculateField 2014_15Geocodes CRNT_SCHL 400 VB #</Process><Process ToolSource="c:\program files (x86)\arcgis\desktop10.5\ArcToolbox\Toolboxes\Data Management Tools.tbx\CalculateField" Date="20170609" Time="111649">CalculateField 2014_15Geocodes CRNT_SCHL 215 VB #</Process><Process ToolSource="c:\program files (x86)\arcgis\desktop10.5\ArcToolbox\Toolboxes\Data Management Tools.tbx\CalculateField" Date="20170609" Time="111714">CalculateField 2014_15Geocodes CRNT_SCHL 141 VB #</Process><Process ToolSource="c:\program files (x86)\arcgis\desktop10.5\ArcToolbox\Toolboxes\Data Management Tools.tbx\CalculateField" Date="20170609" Time="111735">CalculateField 2014_15Geocodes CRNT_SCHL 142 VB #</Process><Process ToolSource="c:\program files (x86)\arcgis\desktop10.5\ArcToolbox\Toolboxes\Data Management Tools.tbx\CalculateField" Date="20170609" Time="111805">CalculateField 2014_15Geocodes CRNT_SCHL 311 VB #</Process><Process ToolSource="c:\program files (x86)\arcgis\desktop10.5\ArcToolbox\Toolboxes\Data Management Tools.tbx\CalculateField" Date="20170609" Time="111909">CalculateField 2014_15Geocodes STUTYPE "OT" VB #</Process><Process ToolSource="c:\program files (x86)\arcgis\desktop10.5\ArcToolbox\Toolboxes\Data Management Tools.tbx\CalculateField" Date="20170609" Time="112009">CalculateField 2014_15Geocodes STUTYPE "RS" VB #</Process><Process ToolSource="c:\program files (x86)\arcgis\desktop10.5\ArcToolbox\Toolboxes\Data Management Tools.tbx\CalculateField" Date="20170609" Time="113247">CalculateField 2014_15Geocodes CRNT_SCHL [SCHL_CODE] VB #</Process><Process ToolSource="c:\program files (x86)\arcgis\desktop10.5\ArcToolbox\Toolboxes\Data Management Tools.tbx\CopyFeatures" Date="20170614" Time="155349">CopyFeatures \\firma.prod.loudoun.local\tdata\project\lcps\ColinFlynn\DAVIS\2014_15Geocodes.shp \\firma.prod.loudoun.local\tdata\project\lcps\ColinFlynn\DAVIS\GeocodesForDavis.gdb\T2014_15Geocodes # 0 0 0</Process><Process ToolSource="c:\program files (x86)\arcgis\desktop10.5\ArcToolbox\Toolboxes\Data Management Tools.tbx\CalculateField" Date="20170614" Time="160637">CalculateField Students14_15 GRD -1 VB #</Process><Process ToolSource="c:\program files (x86)\arcgis\desktop10.5\ArcToolbox\Toolboxes\Data Management Tools.tbx\CalculateField" Date="20170614" Time="161004">CalculateField Students14_15 CRNT_SCHL [SCHL_CODE] VB #</Process><Process ToolSource="c:\program files (x86)\arcgis\desktop10.3\ArcToolbox\Toolboxes\Data Management Tools.tbx\CalculateField" Date="20170615" Time="111026">CalculateField Students14_15 SCHL_CODE [CRNT_SCHL] VB #</Process><Process ToolSource="c:\program files (x86)\arcgis\desktop10.5\ArcToolbox\Toolboxes\Data Management Tools.tbx\CalculateField" Date="20170809" Time="152451">CalculateField Students14_15 SCHL_CODE 313 VB #</Process><Process ToolSource="c:\program files (x86)\arcgis\desktop10.5\ArcToolbox\Toolboxes\Data Management Tools.tbx\CalculateField" Date="20170809" Time="152510">CalculateField Students14_15 STUTYPE "AE" VB #</Process><Process ToolSource="c:\program files (x86)\arcgis\desktop10.5\ArcToolbox\Toolboxes\Data Management Tools.tbx\UncompressFileGeodatabaseData" Date="20170922" Time="084918">UncompressFileGeodatabaseData Students14_15 #</Process><Process ToolSource="c:\program files (x86)\arcgis\desktop10.5\ArcToolbox\Toolboxes\Data Management Tools.tbx\UncompressFileGeodatabaseData" Date="20170922" Time="085031">UncompressFileGeodatabaseData Students14_15 #</Process><Process ToolSource="c:\program files (x86)\arcgis\desktop10.5\ArcToolbox\Toolboxes\Data Management Tools.tbx\CalculateField" Date="20170922" Time="085216">CalculateField Students14_15 STUTYPE "OT" VB #</Process><Process ToolSource="c:\program files (x86)\arcgis\desktop10.5\ArcToolbox\Toolboxes\Data Management Tools.tbx\CalculateField" Date="20170922" Time="085301">CalculateField Students14_15 STUTYPE "CH" VB #</Process><Process ToolSource="c:\program files (x86)\arcgis\desktop10.5\ArcToolbox\Toolboxes\Data Management Tools.tbx\CalculateField" Date="20170922" Time="085341">CalculateField Students14_15 STUTYPE "RS" VB #</Process><Process ToolSource="c:\program files (x86)\arcgis\desktop10.5\ArcToolbox\Toolboxes\Data Management Tools.tbx\CalculateField" Date="20180118" Time="111149">CalculateField Students14_15 Current_S [CurrentSch] VB #</Process><Process ToolSource="c:\program files (x86)\arcgis\desktop10.5\ArcToolbox\Toolboxes\Data Management Tools.tbx\CalculateField" Date="20180118" Time="112040">CalculateField Students14_15 Previous_S [PreviousSc] VB #</Process><Process ToolSource="c:\program files (x86)\arcgis\desktop10.5\ArcToolbox\Toolboxes\Data Management Tools.tbx\CalculateField" Date="20180118" Time="112707">CalculateField Students14_15 GRADE [GRADE_GIS] VB #</Process></lineage></DataProperties><SyncDate>20170620</SyncDate><SyncTime>16001700</SyncTime><ModDate>20170620</ModDate><ModTime>16001700</ModTime></Esri><dataIdInfo><envirDesc Sync="TRUE">Microsoft Windows 7 Version 6.1 (Build 7601) Service Pack 1; Esri ArcGIS 10.5.0.6491</envirDesc><dataLang><languageCode value="eng" Sync="TRUE"></languageCode><countryCode value="USA" Sync="TRUE"></countryCode></dataLang><idCitation><resTitle Sync="TRUE">Students14_15</resTitle><presForm><PresFormCd value="005" Sync="TRUE"></PresFormCd></presForm></idCitation><spatRpType><SpatRepTypCd value="001" Sync="TRUE"></SpatRepTypCd></spatRpType></dataIdInfo><mdLang><languageCode value="eng" Sync="TRUE"></languageCode><countryCode value="USA" Sync="TRUE"></countryCode></mdLang><mdChar><CharSetCd value="004" Sync="TRUE"></CharSetCd></mdChar><distInfo><distFormat><formatName Sync="TRUE">File Geodatabase Feature Class</formatName></distFormat><distTranOps><transSize Sync="TRUE">0.000</transSize></distTranOps></distInfo><mdHrLv><ScopeCd value="005" Sync="TRUE"></ScopeCd></mdHrLv><mdHrLvName Sync="TRUE">dataset</mdHrLvName><refSysInfo><RefSystem><refSysID><identCode code="2924" Sync="TRUE"></identCode><idCodeSpace Sync="TRUE">EPSG</idCodeSpace><idVersion Sync="TRUE">8.9.3(9.0.0)</idVersion></refSysID></RefSystem></refSysInfo><spatRepInfo><VectSpatRep><geometObjs Name="Students14_15"><geoObjTyp><GeoObjTypCd value="004" Sync="TRUE"></GeoObjTypCd></geoObjTyp><geoObjCnt Sync="TRUE">0</geoObjCnt></geometObjs><topLvl><TopoLevCd value="001" Sync="TRUE"></TopoLevCd></topLvl></VectSpatRep></spatRepInfo><spdoinfo><ptvctinf><esriterm Name="Students14_15"><efeatyp Sync="TRUE">Simple</efeatyp><efeageom code="1" Sync="TRUE"></efeageom><esritopo Sync="TRUE">FALSE</esritopo><efeacnt Sync="TRUE">0</efeacnt><spindex Sync="TRUE">TRUE</spindex><linrefer Sync="TRUE">FALSE</linrefer></esriterm></ptvctinf></spdoinfo><eainfo><detailed Name="Students14_15"><enttyp><enttypl Sync="TRUE">Students14_15</enttypl><enttypt Sync="TRUE">Feature Class</enttypt><enttypc Sync="TRUE">0</enttypc></enttyp><attr><attrlabl Sync="TRUE">Shape</attrlabl><attalias Sync="TRUE">Shape</attalias><attrtype Sync="TRUE">Geometry</attrtype><attwidth Sync="TRUE">0</attwidth><atprecis Sync="TRUE">0</atprecis><attscale Sync="TRUE">0</attscale><attrdef Sync="TRUE">Feature geometry.</attrdef><attrdefs Sync="TRUE">Esri</attrdefs><attrdomv><udom Sync="TRUE">Coordinates defining the features.</udom></attrdomv></attr><attr><attrlabl Sync="TRUE">ObjectID</attrlabl><attalias Sync="TRUE">FID</attalias><attrtype Sync="TRUE">OID</attrtype><attwidth Sync="TRUE">4</attwidth><atprecis Sync="TRUE">0</atprecis><attscale Sync="TRUE">0</attscale><attrdef Sync="TRUE">Internal feature number.</attrdef><attrdefs Sync="TRUE">Esri</attrdefs><attrdomv><udom Sync="TRUE">Sequential unique whole numbers that are automatically generated.</udom></attrdomv></attr><attr><attrlabl Sync="TRUE">Match_addr</attrlabl><attalias Sync="TRUE">Match_addr</attalias><attrtype Sync="TRUE">String</attrtype><attwidth Sync="TRUE">120</attwidth><atprecis Sync="TRUE">0</atprecis><attscale Sync="TRUE">0</attscale></attr><attr><attrlabl Sync="TRUE">LoudID</attrlabl><attalias Sync="TRUE">LoudID</attalias><attrtype Sync="TRUE">Integer</attrtype><attwidth Sync="TRUE">4</attwidth><atprecis Sync="TRUE">0</atprecis><attscale Sync="TRUE">0</attscale></attr><attr><attrlabl Sync="TRUE">Address</attrlabl><attalias Sync="TRUE">Address</attalias><attrtype Sync="TRUE">Integer</attrtype><attwidth Sync="TRUE">4</attwidth><atprecis Sync="TRUE">0</atprecis><attscale Sync="TRUE">0</attscale></attr><attr><attrlabl Sync="TRUE">AddressExt</attrlabl><attalias Sync="TRUE">AddressExt</attalias><attrtype Sync="TRUE">String</attrtype><attwidth Sync="TRUE">254</attwidth><atprecis Sync="TRUE">0</atprecis><attscale Sync="TRUE">0</attscale></attr><attr><attrlabl Sync="TRUE">Prefix</attrlabl><attalias Sync="TRUE">Prefix</attalias><attrtype Sync="TRUE">String</attrtype><attwidth Sync="TRUE">254</attwidth><atprecis Sync="TRUE">0</atprecis><attscale Sync="TRUE">0</attscale></attr><attr><attrlabl Sync="TRUE">StreetName</attrlabl><attalias Sync="TRUE">StreetName</attalias><attrtype Sync="TRUE">String</attrtype><attwidth Sync="TRUE">254</attwidth><atprecis Sync="TRUE">0</atprecis><attscale Sync="TRUE">0</attscale></attr><attr><attrlabl Sync="TRUE">StreetType</attrlabl><attalias Sync="TRUE">StreetType</attalias><attrtype Sync="TRUE">String</attrtype><attwidth Sync="TRUE">254</attwidth><atprecis Sync="TRUE">0</atprecis><attscale Sync="TRUE">0</attscale></attr><attr><attrlabl Sync="TRUE">Suffix</attrlabl><attalias Sync="TRUE">Suffix</attalias><attrtype Sync="TRUE">String</attrtype><attwidth Sync="TRUE">254</attwidth><atprecis Sync="TRUE">0</atprecis><attscale Sync="TRUE">0</attscale></attr><attr><attrlabl Sync="TRUE">Town</attrlabl><attalias Sync="TRUE">Town</attalias><attrtype Sync="TRUE">String</attrtype><attwidth Sync="TRUE">254</attwidth><atprecis Sync="TRUE">0</atprecis><attscale Sync="TRUE">0</attscale></attr><attr><attrlabl Sync="TRUE">Zip</attrlabl><attalias Sync="TRUE">Zip</attalias><attrtype Sync="TRUE">Integer</attrtype><attwidth Sync="TRUE">4</attwidth><atprecis Sync="TRUE">0</atprecis><attscale Sync="TRUE">0</attscale></attr><attr><attrlabl Sync="TRUE">STUDENT_ID</attrlabl><attalias Sync="TRUE">STUDENT_ID</attalias><attrtype Sync="TRUE">Integer</attrtype><attwidth Sync="TRUE">4</attwidth><atprecis Sync="TRUE">0</atprecis><attscale Sync="TRUE">0</attscale></attr><attr><attrlabl Sync="TRUE">GRID_CODE</attrlabl><attalias Sync="TRUE">GRID_CODE</attalias><attrtype Sync="TRUE">Integer</attrtype><attwidth Sync="TRUE">4</attwidth><atprecis Sync="TRUE">0</atprecis><attscale Sync="TRUE">0</attscale></attr><attr><attrlabl Sync="TRUE">LAST_NAME</attrlabl><attalias Sync="TRUE">LAST_NAME</attalias><attrtype Sync="TRUE">String</attrtype><attwidth Sync="TRUE">254</attwidth><atprecis Sync="TRUE">0</atprecis><attscale Sync="TRUE">0</attscale></attr><attr><attrlabl Sync="TRUE">FIRST_NAME</attrlabl><attalias Sync="TRUE">FIRST_NAME</attalias><attrtype Sync="TRUE">String</attrtype><attwidth Sync="TRUE">254</attwidth><atprecis Sync="TRUE">0</atprecis><attscale Sync="TRUE">0</attscale></attr><attr><attrlabl Sync="TRUE">MID_INITIA</attrlabl><attalias Sync="TRUE">MID_INITIA</attalias><attrtype Sync="TRUE">String</attrtype><attwidth Sync="TRUE">254</attwidth><atprecis Sync="TRUE">0</atprecis><attscale Sync="TRUE">0</attscale></attr><attr><attrlabl Sync="TRUE">status_1</attrlabl><attalias Sync="TRUE">status_1</attalias><attrtype Sync="TRUE">String</attrtype><attwidth Sync="TRUE">254</attwidth><atprecis Sync="TRUE">0</atprecis><attscale Sync="TRUE">0</attscale></attr><attr><attrlabl Sync="TRUE">GRADE_GIS</attrlabl><attalias Sync="TRUE">GRADE_GIS</attalias><attrtype Sync="TRUE">Integer</attrtype><attwidth Sync="TRUE">4</attwidth><atprecis Sync="TRUE">0</atprecis><attscale Sync="TRUE">0</attscale></attr><attr><attrlabl Sync="TRUE">GRADE</attrlabl><attalias Sync="TRUE">GRADE</attalias><attrtype Sync="TRUE">String</attrtype><attwidth Sync="TRUE">254</attwidth><atprecis Sync="TRUE">0</atprecis><attscale Sync="TRUE">0</attscale></attr><attr><attrlabl Sync="TRUE">HOME_TEACH</attrlabl><attalias Sync="TRUE">HOME_TEACH</attalias><attrtype Sync="TRUE">String</attrtype><attwidth Sync="TRUE">254</attwidth><atprecis Sync="TRUE">0</atprecis><attscale Sync="TRUE">0</attscale></attr><attr><attrlabl Sync="TRUE">HOMEROOM</attrlabl><attalias Sync="TRUE">HOMEROOM</attalias><attrtype Sync="TRUE">String</attrtype><attwidth Sync="TRUE">254</attwidth><atprecis Sync="TRUE">0</atprecis><attscale Sync="TRUE">0</attscale></attr><attr><attrlabl Sync="TRUE">SpecialPro</attrlabl><attalias Sync="TRUE">SpecialPro</attalias><attrtype Sync="TRUE">String</attrtype><attwidth Sync="TRUE">254</attwidth><atprecis Sync="TRUE">0</atprecis><attscale Sync="TRUE">0</attscale></attr><attr><attrlabl Sync="TRUE">Instructio</attrlabl><attalias Sync="TRUE">Instructio</attalias><attrtype Sync="TRUE">String</attrtype><attwidth Sync="TRUE">254</attwidth><atprecis Sync="TRUE">0</atprecis><attscale Sync="TRUE">0</attscale></attr><attr><attrlabl Sync="TRUE">CurrentSch</attrlabl><attalias Sync="TRUE">CurrentSch</attalias><attrtype Sync="TRUE">String</attrtype><attwidth Sync="TRUE">254</attwidth><atprecis Sync="TRUE">0</atprecis><attscale Sync="TRUE">0</attscale></attr><attr><attrlabl Sync="TRUE">PreviousSc</attrlabl><attalias Sync="TRUE">PreviousSc</attalias><attrtype Sync="TRUE">String</attrtype><attwidth Sync="TRUE">254</attwidth><atprecis Sync="TRUE">0</atprecis><attscale Sync="TRUE">0</attscale></attr><attr><attrlabl Sync="TRUE">IEP_FLAG</attrlabl><attalias Sync="TRUE">IEP_FLAG</attalias><attrtype Sync="TRUE">String</attrtype><attwidth Sync="TRUE">254</attwidth><atprecis Sync="TRUE">0</atprecis><attscale Sync="TRUE">0</attscale></attr><attr><attrlabl Sync="TRUE">GENDER</attrlabl><attalias Sync="TRUE">GENDER</attalias><attrtype Sync="TRUE">String</attrtype><attwidth Sync="TRUE">254</attwidth><atprecis Sync="TRUE">0</atprecis><attscale Sync="TRUE">0</attscale></attr><attr><attrlabl Sync="TRUE">ETHNIC</attrlabl><attalias Sync="TRUE">ETHNIC</attalias><attrtype Sync="TRUE">String</attrtype><attwidth Sync="TRUE">254</attwidth><atprecis Sync="TRUE">0</atprecis><attscale Sync="TRUE">0</attscale></attr><attr><attrlabl Sync="TRUE">BIRTH</attrlabl><attalias Sync="TRUE">BIRTH</attalias><attrtype Sync="TRUE">Date</attrtype><attwidth Sync="TRUE">8</attwidth><atprecis Sync="TRUE">0</atprecis><attscale Sync="TRUE">0</attscale></attr><attr><attrlabl Sync="TRUE">APT</attrlabl><attalias Sync="TRUE">APT</attalias><attrtype Sync="TRUE">String</attrtype><attwidth Sync="TRUE">254</attwidth><atprecis Sync="TRUE">0</atprecis><attscale Sync="TRUE">0</attscale></attr><attr><attrlabl Sync="TRUE">PH_FULL_AD</attrlabl><attalias Sync="TRUE">PH_FULL_AD</attalias><attrtype Sync="TRUE">String</attrtype><attwidth Sync="TRUE">254</attwidth><atprecis Sync="TRUE">0</atprecis><attscale Sync="TRUE">0</attscale></attr><attr><attrlabl Sync="TRUE">CITY</attrlabl><attalias Sync="TRUE">CITY</attalias><attrtype Sync="TRUE">String</attrtype><attwidth Sync="TRUE">254</attwidth><atprecis Sync="TRUE">0</atprecis><attscale Sync="TRUE">0</attscale></attr><attr><attrlabl Sync="TRUE">STATE</attrlabl><attalias Sync="TRUE">STATE</attalias><attrtype Sync="TRUE">String</attrtype><attwidth Sync="TRUE">254</attwidth><atprecis Sync="TRUE">0</atprecis><attscale Sync="TRUE">0</attscale></attr><attr><attrlabl Sync="TRUE">LEP_FLAG</attrlabl><attalias Sync="TRUE">LEP_FLAG</attalias><attrtype Sync="TRUE">String</attrtype><attwidth Sync="TRUE">254</attwidth><atprecis Sync="TRUE">0</atprecis><attscale Sync="TRUE">0</attscale></attr><attr><attrlabl Sync="TRUE">LEP_PROG</attrlabl><attalias Sync="TRUE">LEP_PROG</attalias><attrtype Sync="TRUE">String</attrtype><attwidth Sync="TRUE">254</attwidth><atprecis Sync="TRUE">0</atprecis><attscale Sync="TRUE">0</attscale></attr><attr><attrlabl Sync="TRUE">FSI</attrlabl><attalias Sync="TRUE">FSI</attalias><attrtype Sync="TRUE">Integer</attrtype><attwidth Sync="TRUE">4</attwidth><atprecis Sync="TRUE">0</atprecis><attscale Sync="TRUE">0</attscale></attr><attr><attrlabl Sync="TRUE">HOMELESS</attrlabl><attalias Sync="TRUE">HOMELESS</attalias><attrtype Sync="TRUE">String</attrtype><attwidth Sync="TRUE">254</attwidth><atprecis Sync="TRUE">0</atprecis><attscale Sync="TRUE">0</attscale></attr><attr><attrlabl Sync="TRUE">COUNT_</attrlabl><attalias Sync="TRUE">COUNT_</attalias><attrtype Sync="TRUE">Double</attrtype><attwidth Sync="TRUE">8</attwidth><atprecis Sync="TRUE">0</atprecis><attscale Sync="TRUE">0</attscale></attr><attr><attrlabl Sync="TRUE">STDYAREA</attrlabl><attalias Sync="TRUE">STDYAREA</attalias><attrtype Sync="TRUE">String</attrtype><attwidth Sync="TRUE">16</attwidth><atprecis Sync="TRUE">0</atprecis><attscale Sync="TRUE">0</attscale></attr><attr><attrlabl Sync="TRUE">ELEM_</attrlabl><attalias Sync="TRUE">ELEM_</attalias><attrtype Sync="TRUE">Integer</attrtype><attwidth Sync="TRUE">4</attwidth><atprecis Sync="TRUE">0</atprecis><attscale Sync="TRUE">0</attscale></attr><attr><attrlabl Sync="TRUE">INT_</attrlabl><attalias Sync="TRUE">INT_</attalias><attrtype Sync="TRUE">Integer</attrtype><attwidth Sync="TRUE">4</attwidth><atprecis Sync="TRUE">0</atprecis><attscale Sync="TRUE">0</attscale></attr><attr><attrlabl Sync="TRUE">HIGH_</attrlabl><attalias Sync="TRUE">HIGH_</attalias><attrtype Sync="TRUE">Integer</attrtype><attwidth Sync="TRUE">4</attwidth><atprecis Sync="TRUE">0</atprecis><attscale Sync="TRUE">0</attscale></attr><attr><attrlabl Sync="TRUE">ELEM_CODE</attrlabl><attalias Sync="TRUE">ELEM_CODE</attalias><attrtype Sync="TRUE">String</attrtype><attwidth Sync="TRUE">16</attwidth><atprecis Sync="TRUE">0</atprecis><attscale Sync="TRUE">0</attscale></attr><attr><attrlabl Sync="TRUE">INT_CODE</attrlabl><attalias Sync="TRUE">INT_CODE</attalias><attrtype Sync="TRUE">String</attrtype><attwidth Sync="TRUE">16</attwidth><atprecis Sync="TRUE">0</atprecis><attscale Sync="TRUE">0</attscale></attr><attr><attrlabl Sync="TRUE">HIGH_CODE</attrlabl><attalias Sync="TRUE">HIGH_CODE</attalias><attrtype Sync="TRUE">String</attrtype><attwidth Sync="TRUE">16</attwidth><atprecis Sync="TRUE">0</atprecis><attscale Sync="TRUE">0</attscale></attr><attr><attrlabl Sync="TRUE">DISTRICT</attrlabl><attalias Sync="TRUE">DISTRICT</attalias><attrtype Sync="TRUE">String</attrtype><attwidth Sync="TRUE">2</attwidth><atprecis Sync="TRUE">0</atprecis><attscale Sync="TRUE">0</attscale></attr><attr><attrlabl Sync="TRUE">UTILITIES</attrlabl><attalias Sync="TRUE">UTILITIES</attalias><attrtype Sync="TRUE">String</attrtype><attwidth Sync="TRUE">5</attwidth><atprecis Sync="TRUE">0</atprecis><attscale Sync="TRUE">0</attscale></attr><attr><attrlabl Sync="TRUE">GRD</attrlabl><attalias Sync="TRUE">GRD</attalias><attrtype Sync="TRUE">Integer</attrtype><attwidth Sync="TRUE">4</attwidth><atprecis Sync="TRUE">0</atprecis><attscale Sync="TRUE">0</attscale></attr><attr><attrlabl Sync="TRUE">SCHL_CODE</attrlabl><attalias Sync="TRUE">SCHL_CODE</attalias><attrtype Sync="TRUE">SmallInteger</attrtype><attwidth Sync="TRUE">2</attwidth><atprecis Sync="TRUE">0</atprecis><attscale Sync="TRUE">0</attscale></attr><attr><attrlabl Sync="TRUE">STUTYPE</attrlabl><attalias Sync="TRUE">STUTYPE</attalias><attrtype Sync="TRUE">String</attrtype><attwidth Sync="TRUE">2</attwidth><atprecis Sync="TRUE">0</atprecis><attscale Sync="TRUE">0</attscale></attr></detailed></eainfo><mdDateSt Sync="TRUE">20170620</mdDateSt></metadata>
