<?xml version="1.0" encoding="UTF-8"?>
<metadata xml:lang="en"><Esri><CreaDate>20180117</CreaDate><CreaTime>14134100</CreaTime><ArcGISFormat>1.0</ArcGISFormat><SyncOnce>TRUE</SyncOnce><RematchLocator>ADDR_LOCATOR_2017_2_SINGLE<Category Locator="Review">Address</Category><Description Locator="Review">US Single House Addresses</Description><supportsOptionalZone Locator="Review">0</supportsOptionalZone><ReturnPostalAdminsInMatchAddr Locator="Review">-1</ReturnPostalAdminsInMatchAddr><DefaultLanguage Locator="Review">en</DefaultLanguage><TransliteratedLanguageCode Locator="Review">xx</TransliteratedLanguageCode><SpellingSensitivity Locator="Review">30</SpellingSensitivity><OutColumns Locator="Review">Shape</OutColumns><OutColumns Locator="Review">Status</OutColumns><OutColumns Locator="Review">Score</OutColumns><OutColumns Locator="Review">Match_addr</OutColumns><OutColumns Locator="Review">Addr_type</OutColumns><OutColumns Locator="Review">AddNum</OutColumns><OutColumns Locator="Review">Side</OutColumns><OutColumns Locator="Review">StPreDir</OutColumns><OutColumns Locator="Review">StPreType</OutColumns><OutColumns Locator="Review">StName</OutColumns><OutColumns Locator="Review">StType</OutColumns><OutColumns Locator="Review">StDir</OutColumns><OutColumns Locator="Review">StAddr</OutColumns><OutColumns Locator="Review">City</OutColumns><OutColumns Locator="Review">County</OutColumns><OutColumns Locator="Review">State</OutColumns><OutColumns Locator="Review">StateAbbr</OutColumns><OutColumns Locator="Review">ZIP</OutColumns><OutColumns Locator="Review">DisplayX</OutColumns><OutColumns Locator="Review">DisplayY</OutColumns><OutColumns Locator="Review">Xmin</OutColumns><OutColumns Locator="Review">Xmax</OutColumns><OutColumns Locator="Review">Ymin</OutColumns><OutColumns Locator="Review">Ymax</OutColumns><SearchTimeout Locator="Review">1</SearchTimeout><MaxCandidates Locator="Review">200</MaxCandidates><MaxPerfectCandidates Locator="Review">200</MaxPerfectCandidates><StorageSegmentSizeKB Locator="Review">128</StorageSegmentSizeKB><MatchIfScoresTie Locator="Review">-1</MatchIfScoresTie><UseRelativePaths Locator="Review">-1</UseRelativePaths><SupportsUSZoneOrder Locator="Review">-1</SupportsUSZoneOrder><SupportsIndex64 Locator="Review">-1</SupportsIndex64><SupportsCR311929 Locator="Review">0</SupportsCR311929><WriteDebugFields Locator="Review">0</WriteDebugFields><WriteGlobalizedFields Locator="Review">0</WriteGlobalizedFields><WriteLocalizedFields Locator="Review">-1</WriteLocalizedFields><WriteXYCoordFields Locator="Review">0</WriteXYCoordFields><WriteDispXDispYFields Locator="Review">-1</WriteDispXDispYFields><WriteDisplayExtentFields Locator="Review">-1</WriteDisplayExtentFields><WriteFullStateName Locator="Review">-1</WriteFullStateName><ShowStAddr Locator="Review">-1</ShowStAddr><reportScorePerComponent Locator="Review">0</reportScorePerComponent><ShowElapsedTime Locator="Review">0</ShowElapsedTime><WriteStandardizedAddressField Locator="Review">0</WriteStandardizedAddressField><WriteReferenceIDField Locator="Review">0</WriteReferenceIDField><WritePercentAlongField Locator="Review">0</WritePercentAlongField><WriteAdditionalOutputFields Locator="Review">0</WriteAdditionalOutputFields><WriteBlockIDField Locator="Review">0</WriteBlockIDField><WriteLocatorSpecificFields Locator="Review">0</WriteLocatorSpecificFields><WriteCountyName Locator="Review">0</WriteCountyName><WriteAbbrStateName Locator="Review">0</WriteAbbrStateName><MinimumCandidateScore Locator="Review">30</MinimumCandidateScore><MinimumMatchScore Locator="Review">30</MinimumMatchScore><supportsEmptyHouseNumber Locator="Review">0</supportsEmptyHouseNumber><SupportsWeightedHouseNumber Locator="Review">-1</SupportsWeightedHouseNumber><SupportsPointAddressNumber Locator="Review">-1</SupportsPointAddressNumber><SupportsStreetAddressNumber Locator="Review">0</SupportsStreetAddressNumber><RuntimeMemoryLimit Locator="Review">512000000</RuntimeMemoryLimit><WriteUnitInfoFields Locator="Review">0</WriteUnitInfoFields><GeometryFromDisplayFields Locator="Review">0</GeometryFromDisplayFields><supportsIntersections Locator="Review">false</supportsIntersections><BatchPresortInputs Locator="Review">State</BatchPresortInputs><BatchPresortInputs Locator="Review">ZIP</BatchPresortInputs><BatchPresortInputs Locator="Review">City</BatchPresortInputs><SupportsHouseNoUnit Locator="Review">-1</SupportsHouseNoUnit><SupportsSubAddress Locator="Review">0</SupportsSubAddress><StoreStandardizedRefData Locator="Review">true</StoreStandardizedRefData><CLSID Locator="Review">{DA70B7E3-10B2-42E3-BFF7-6C81355862BC}</CLSID><LocatorWorkspaceString Locator="Review">ProgID = esriDataSourcesFile.ShapefileWorkspaceFactory.1; Path = ..\LOCATORS</LocatorWorkspaceString><LocFileUseUTF8 Locator="Review">True</LocFileUseUTF8><RebuildStartTime Locator="Review">131503049926370000</RebuildStartTime><RebuildStartTimeAscii Locator="Review">2:29:52 PM</RebuildStartTimeAscii><SafeLocatorName Locator="Review">ADDR_LOCATOR_2017_2_SINGLE</SafeLocatorName><UICLSID Locator="Review">{AE5A3A0E-F756-11D2-9F4F-00C04F8ED1C4}</UICLSID><UseMultithreading Locator="Review">True</UseMultithreading><EndOffsetUnits Locator="Review">ReferenceDataUnits</EndOffsetUnits><UseSuggestions Locator="Review">True</UseSuggestions><SideOffset Locator="Review">20</SideOffset><SideOffsetUnits Locator="Review">Feet</SideOffsetUnits><EndOffset Locator="Review">3</EndOffset><InTable Locator="Review">::</InTable><InKeyColumns Locator="Review">::</InKeyColumns><InColumns Locator="Review">ARC_Single_Line_Input</InColumns><OutTable Locator="Review">::</OutTable><OutKeyColumns Locator="Review">::</OutKeyColumns></RematchLocator><DataProperties><itemProps><itemLocation><linkage Sync="TRUE">file://\\firma.prod.loudoun.local\tdata\project\lcps\DavisDemographics\DDP2017\Davis2017_2018_PREP.gdb</linkage><protocol Sync="TRUE">Local Area Network</protocol></itemLocation></itemProps><lineage><Process ToolSource="c:\program files (x86)\arcgis\desktop10.5\ArcToolbox\Toolboxes\Data Management Tools.tbx\CalculateField" Date="20170921" Time="101833">CalculateField Students17_18 GRD [GRADE] VB #</Process><Process ToolSource="c:\program files (x86)\arcgis\desktop10.5\ArcToolbox\Toolboxes\Data Management Tools.tbx\CalculateField" Date="20170921" Time="102031">CalculateField Students17_18 GRD 0 VB #</Process><Process ToolSource="c:\program files (x86)\arcgis\desktop10.5\ArcToolbox\Toolboxes\Data Management Tools.tbx\CalculateField" Date="20170921" Time="102101">CalculateField Students17_18 GRD -1 VB #</Process><Process ToolSource="c:\program files (x86)\arcgis\desktop10.5\ArcToolbox\Toolboxes\Data Management Tools.tbx\CalculateField" Date="20170921" Time="110424">CalculateField Students17_18 STUTYPE "RS" VB #</Process><Process ToolSource="c:\program files (x86)\arcgis\desktop10.5\ArcToolbox\Toolboxes\Data Management Tools.tbx\CalculateField" Date="20170921" Time="110533">CalculateField Students17_18 STUTYPE "OT" VB #</Process><Process ToolSource="c:\program files (x86)\arcgis\desktop10.5\ArcToolbox\Toolboxes\Data Management Tools.tbx\CalculateField" Date="20170921" Time="110614">CalculateField Students17_18 STUTYPE "OT" VB #</Process><Process ToolSource="c:\program files (x86)\arcgis\desktop10.5\ArcToolbox\Toolboxes\Data Management Tools.tbx\CalculateField" Date="20170921" Time="110703">CalculateField Students17_18 STUTYPE "CH" VB #</Process><Process ToolSource="c:\program files (x86)\arcgis\desktop10.5\ArcToolbox\Toolboxes\Data Management Tools.tbx\CalculateField" Date="20170921" Time="110749">CalculateField Students17_18 STUTYPE "OT" VB #</Process><Process ToolSource="c:\program files (x86)\arcgis\desktop10.5\ArcToolbox\Toolboxes\Data Management Tools.tbx\CalculateField" Date="20170921" Time="113043">CalculateField Students17_18 SCHL_CODE 101 VB #</Process><Process ToolSource="c:\program files (x86)\arcgis\desktop10.5\ArcToolbox\Toolboxes\Data Management Tools.tbx\CalculateField" Date="20170921" Time="113109">CalculateField Students17_18 SCHL_CODE 102 VB #</Process><Process ToolSource="c:\program files (x86)\arcgis\desktop10.5\ArcToolbox\Toolboxes\Data Management Tools.tbx\CalculateField" Date="20170921" Time="113445">CalculateField Students17_18 SCHL_CODE "" VB #</Process><Process ToolSource="c:\program files (x86)\arcgis\desktop10.5\ArcToolbox\Toolboxes\Data Management Tools.tbx\CalculateField" Date="20170921" Time="114019">CalculateField Students17_18 SCHL_CODE 208 VB #</Process><Process ToolSource="c:\program files (x86)\arcgis\desktop10.5\ArcToolbox\Toolboxes\Data Management Tools.tbx\CalculateField" Date="20170921" Time="114136">CalculateField Students17_18 SCHL_CODE 307 VB #</Process><Process ToolSource="c:\program files (x86)\arcgis\desktop10.5\ArcToolbox\Toolboxes\Data Management Tools.tbx\CalculateField" Date="20170921" Time="114316">CalculateField Students17_18 SCHL_CODE 103 VB #</Process><Process ToolSource="c:\program files (x86)\arcgis\desktop10.5\ArcToolbox\Toolboxes\Data Management Tools.tbx\CalculateField" Date="20170921" Time="114346">CalculateField Students17_18 SCHL_CODE 104 VB #</Process><Process ToolSource="c:\program files (x86)\arcgis\desktop10.5\ArcToolbox\Toolboxes\Data Management Tools.tbx\CalculateField" Date="20170921" Time="114410">CalculateField Students17_18 SCHL_CODE 105 VB #</Process><Process ToolSource="c:\program files (x86)\arcgis\desktop10.5\ArcToolbox\Toolboxes\Data Management Tools.tbx\CalculateField" Date="20170921" Time="114438">CalculateField Students17_18 SCHL_CODE 106 VB #</Process><Process ToolSource="c:\program files (x86)\arcgis\desktop10.5\ArcToolbox\Toolboxes\Data Management Tools.tbx\CalculateField" Date="20170921" Time="114501">CalculateField Students17_18 SCHL_CODE 107 VB #</Process><Process ToolSource="c:\program files (x86)\arcgis\desktop10.5\ArcToolbox\Toolboxes\Data Management Tools.tbx\CalculateField" Date="20170921" Time="114525">CalculateField Students17_18 SCHL_CODE 152 VB #</Process><Process ToolSource="c:\program files (x86)\arcgis\desktop10.5\ArcToolbox\Toolboxes\Data Management Tools.tbx\CalculateField" Date="20170921" Time="114546">CalculateField Students17_18 SCHL_CODE 108 VB #</Process><Process ToolSource="c:\program files (x86)\arcgis\desktop10.5\ArcToolbox\Toolboxes\Data Management Tools.tbx\CalculateField" Date="20170921" Time="114610">CalculateField Students17_18 SCHL_CODE 151 VB #</Process><Process ToolSource="c:\program files (x86)\arcgis\desktop10.5\ArcToolbox\Toolboxes\Data Management Tools.tbx\CalculateField" Date="20170921" Time="114631">CalculateField Students17_18 SCHL_CODE 109 VB #</Process><Process ToolSource="c:\program files (x86)\arcgis\desktop10.5\ArcToolbox\Toolboxes\Data Management Tools.tbx\CalculateField" Date="20170921" Time="114650">CalculateField Students17_18 SCHL_CODE 156 VB #</Process><Process ToolSource="c:\program files (x86)\arcgis\desktop10.5\ArcToolbox\Toolboxes\Data Management Tools.tbx\CalculateField" Date="20170921" Time="114709">CalculateField Students17_18 SCHL_CODE 110 VB #</Process><Process ToolSource="c:\program files (x86)\arcgis\desktop10.5\ArcToolbox\Toolboxes\Data Management Tools.tbx\CalculateField" Date="20170921" Time="114730">CalculateField Students17_18 SCHL_CODE 111 VB #</Process><Process ToolSource="c:\program files (x86)\arcgis\desktop10.5\ArcToolbox\Toolboxes\Data Management Tools.tbx\CalculateField" Date="20170921" Time="114803">CalculateField Students17_18 SCHL_CODE 154 VB #</Process><Process ToolSource="c:\program files (x86)\arcgis\desktop10.5\ArcToolbox\Toolboxes\Data Management Tools.tbx\CalculateField" Date="20170921" Time="132014">CalculateField Students17_18 SCHL_CODE 112 VB #</Process><Process ToolSource="c:\program files (x86)\arcgis\desktop10.5\ArcToolbox\Toolboxes\Data Management Tools.tbx\CalculateField" Date="20170921" Time="132512">CalculateField Students17_18 SCHL_CODE 113 VB #</Process><Process ToolSource="c:\program files (x86)\arcgis\desktop10.5\ArcToolbox\Toolboxes\Data Management Tools.tbx\CalculateField" Date="20170921" Time="133035">CalculateField Students17_18 SCHL_CODE 114 VB #</Process><Process ToolSource="c:\program files (x86)\arcgis\desktop10.5\ArcToolbox\Toolboxes\Data Management Tools.tbx\CalculateField" Date="20170921" Time="133101">CalculateField Students17_18 SCHL_CODE 153 VB #</Process><Process ToolSource="c:\program files (x86)\arcgis\desktop10.5\ArcToolbox\Toolboxes\Data Management Tools.tbx\CalculateField" Date="20170921" Time="133127">CalculateField Students17_18 SCHL_CODE 116 VB #</Process><Process ToolSource="c:\program files (x86)\arcgis\desktop10.5\ArcToolbox\Toolboxes\Data Management Tools.tbx\CalculateField" Date="20170921" Time="133152">CalculateField Students17_18 SCHL_CODE 115 VB #</Process><Process ToolSource="c:\program files (x86)\arcgis\desktop10.5\ArcToolbox\Toolboxes\Data Management Tools.tbx\CalculateField" Date="20170921" Time="133223">CalculateField Students17_18 SCHL_CODE 117 VB #</Process><Process ToolSource="c:\program files (x86)\arcgis\desktop10.5\ArcToolbox\Toolboxes\Data Management Tools.tbx\CalculateField" Date="20170921" Time="133245">CalculateField Students17_18 SCHL_CODE 118 VB #</Process><Process ToolSource="c:\program files (x86)\arcgis\desktop10.5\ArcToolbox\Toolboxes\Data Management Tools.tbx\CalculateField" Date="20170921" Time="133330">CalculateField Students17_18 SCHL_CODE 120 VB #</Process><Process ToolSource="c:\program files (x86)\arcgis\desktop10.5\ArcToolbox\Toolboxes\Data Management Tools.tbx\CalculateField" Date="20170921" Time="133404">CalculateField Students17_18 SCHL_CODE 121 VB #</Process><Process ToolSource="c:\program files (x86)\arcgis\desktop10.5\ArcToolbox\Toolboxes\Data Management Tools.tbx\CalculateField" Date="20170921" Time="133431">CalculateField Students17_18 SCHL_CODE 122 VB #</Process><Process ToolSource="c:\program files (x86)\arcgis\desktop10.5\ArcToolbox\Toolboxes\Data Management Tools.tbx\CalculateField" Date="20170921" Time="133453">CalculateField Students17_18 SCHL_CODE 148 VB #</Process><Process ToolSource="c:\program files (x86)\arcgis\desktop10.5\ArcToolbox\Toolboxes\Data Management Tools.tbx\CalculateField" Date="20170921" Time="133512">CalculateField Students17_18 SCHL_CODE 123 VB #</Process><Process ToolSource="c:\program files (x86)\arcgis\desktop10.5\ArcToolbox\Toolboxes\Data Management Tools.tbx\CalculateField" Date="20170921" Time="133533">CalculateField Students17_18 SCHL_CODE 143 VB #</Process><Process ToolSource="c:\program files (x86)\arcgis\desktop10.5\ArcToolbox\Toolboxes\Data Management Tools.tbx\CalculateField" Date="20170921" Time="133555">CalculateField Students17_18 SCHL_CODE 149 VB #</Process><Process ToolSource="c:\program files (x86)\arcgis\desktop10.5\ArcToolbox\Toolboxes\Data Management Tools.tbx\CalculateField" Date="20170921" Time="133616">CalculateField Students17_18 SCHL_CODE 124 VB #</Process><Process ToolSource="c:\program files (x86)\arcgis\desktop10.5\ArcToolbox\Toolboxes\Data Management Tools.tbx\CalculateField" Date="20170921" Time="133637">CalculateField Students17_18 SCHL_CODE 125 VB #</Process><Process ToolSource="c:\program files (x86)\arcgis\desktop10.5\ArcToolbox\Toolboxes\Data Management Tools.tbx\CalculateField" Date="20170921" Time="133658">CalculateField Students17_18 SCHL_CODE 126 VB #</Process><Process ToolSource="c:\program files (x86)\arcgis\desktop10.5\ArcToolbox\Toolboxes\Data Management Tools.tbx\CalculateField" Date="20170921" Time="133718">CalculateField Students17_18 SCHL_CODE 127 VB #</Process><Process ToolSource="c:\program files (x86)\arcgis\desktop10.5\ArcToolbox\Toolboxes\Data Management Tools.tbx\CalculateField" Date="20170921" Time="133736">CalculateField Students17_18 SCHL_CODE 128 VB #</Process><Process ToolSource="c:\program files (x86)\arcgis\desktop10.5\ArcToolbox\Toolboxes\Data Management Tools.tbx\CalculateField" Date="20170921" Time="133758">CalculateField Students17_18 SCHL_CODE 129 VB #</Process><Process ToolSource="c:\program files (x86)\arcgis\desktop10.5\ArcToolbox\Toolboxes\Data Management Tools.tbx\CalculateField" Date="20170921" Time="133820">CalculateField Students17_18 SCHL_CODE 131 VB #</Process><Process ToolSource="c:\program files (x86)\arcgis\desktop10.5\ArcToolbox\Toolboxes\Data Management Tools.tbx\CalculateField" Date="20170921" Time="133843">CalculateField Students17_18 SCHL_CODE 155 VB #</Process><Process ToolSource="c:\program files (x86)\arcgis\desktop10.5\ArcToolbox\Toolboxes\Data Management Tools.tbx\CalculateField" Date="20170921" Time="133910">CalculateField Students17_18 SCHL_CODE 157 VB #</Process><Process ToolSource="c:\program files (x86)\arcgis\desktop10.5\ArcToolbox\Toolboxes\Data Management Tools.tbx\CalculateField" Date="20170921" Time="133926">CalculateField Students17_18 SCHL_CODE 132 VB #</Process><Process ToolSource="c:\program files (x86)\arcgis\desktop10.5\ArcToolbox\Toolboxes\Data Management Tools.tbx\CalculateField" Date="20170921" Time="133949">CalculateField Students17_18 SCHL_CODE 144 VB #</Process><Process ToolSource="c:\program files (x86)\arcgis\desktop10.5\ArcToolbox\Toolboxes\Data Management Tools.tbx\CalculateField" Date="20170921" Time="134017">CalculateField Students17_18 SCHL_CODE 133 VB #</Process><Process ToolSource="c:\program files (x86)\arcgis\desktop10.5\ArcToolbox\Toolboxes\Data Management Tools.tbx\CalculateField" Date="20170921" Time="134046">CalculateField Students17_18 SCHL_CODE 145 VB #</Process><Process ToolSource="c:\program files (x86)\arcgis\desktop10.5\ArcToolbox\Toolboxes\Data Management Tools.tbx\CalculateField" Date="20170921" Time="134110">CalculateField Students17_18 SCHL_CODE 135 VB #</Process><Process ToolSource="c:\program files (x86)\arcgis\desktop10.5\ArcToolbox\Toolboxes\Data Management Tools.tbx\CalculateField" Date="20170921" Time="134134">CalculateField Students17_18 SCHL_CODE 146 VB #</Process><Process ToolSource="c:\program files (x86)\arcgis\desktop10.5\ArcToolbox\Toolboxes\Data Management Tools.tbx\CalculateField" Date="20170921" Time="134157">CalculateField Students17_18 SCHL_CODE 134 VB #</Process><Process ToolSource="c:\program files (x86)\arcgis\desktop10.5\ArcToolbox\Toolboxes\Data Management Tools.tbx\CalculateField" Date="20170921" Time="134219">CalculateField Students17_18 SCHL_CODE 136 VB #</Process><Process ToolSource="c:\program files (x86)\arcgis\desktop10.5\ArcToolbox\Toolboxes\Data Management Tools.tbx\CalculateField" Date="20170921" Time="134239">CalculateField Students17_18 SCHL_CODE 137 VB #</Process><Process ToolSource="c:\program files (x86)\arcgis\desktop10.5\ArcToolbox\Toolboxes\Data Management Tools.tbx\CalculateField" Date="20170921" Time="134300">CalculateField Students17_18 SCHL_CODE 138 VB #</Process><Process ToolSource="c:\program files (x86)\arcgis\desktop10.5\ArcToolbox\Toolboxes\Data Management Tools.tbx\CalculateField" Date="20170921" Time="134319">CalculateField Students17_18 SCHL_CODE 150 VB #</Process><Process ToolSource="c:\program files (x86)\arcgis\desktop10.5\ArcToolbox\Toolboxes\Data Management Tools.tbx\CalculateField" Date="20170921" Time="134337">CalculateField Students17_18 SCHL_CODE 139 VB #</Process><Process ToolSource="c:\program files (x86)\arcgis\desktop10.5\ArcToolbox\Toolboxes\Data Management Tools.tbx\CalculateField" Date="20170921" Time="134356">CalculateField Students17_18 SCHL_CODE 140 VB #</Process><Process ToolSource="c:\program files (x86)\arcgis\desktop10.5\ArcToolbox\Toolboxes\Data Management Tools.tbx\CalculateField" Date="20170921" Time="134414">CalculateField Students17_18 SCHL_CODE 147 VB #</Process><Process ToolSource="c:\program files (x86)\arcgis\desktop10.5\ArcToolbox\Toolboxes\Data Management Tools.tbx\CalculateField" Date="20170921" Time="134436">CalculateField Students17_18 SCHL_CODE 141 VB #</Process><Process ToolSource="c:\program files (x86)\arcgis\desktop10.5\ArcToolbox\Toolboxes\Data Management Tools.tbx\CalculateField" Date="20170921" Time="134455">CalculateField Students17_18 SCHL_CODE 142 VB #</Process><Process ToolSource="c:\program files (x86)\arcgis\desktop10.5\ArcToolbox\Toolboxes\Data Management Tools.tbx\CalculateField" Date="20170921" Time="140007">CalculateField Students17_18 SCHL_CODE 216 VB #</Process><Process ToolSource="c:\program files (x86)\arcgis\desktop10.5\ArcToolbox\Toolboxes\Data Management Tools.tbx\CalculateField" Date="20170921" Time="140519">CalculateField Students17_18 SCHL_CODE 201 VB #</Process><Process ToolSource="c:\program files (x86)\arcgis\desktop10.5\ArcToolbox\Toolboxes\Data Management Tools.tbx\CalculateField" Date="20170921" Time="141043">CalculateField Students17_18 SCHL_CODE 202 VB #</Process><Process ToolSource="c:\program files (x86)\arcgis\desktop10.5\ArcToolbox\Toolboxes\Data Management Tools.tbx\CalculateField" Date="20170921" Time="141639">CalculateField Students17_18 SCHL_CODE 203 VB #</Process><Process ToolSource="c:\program files (x86)\arcgis\desktop10.5\ArcToolbox\Toolboxes\Data Management Tools.tbx\CalculateField" Date="20170921" Time="142133">CalculateField Students17_18 SCHL_CODE 204 VB #</Process><Process ToolSource="c:\program files (x86)\arcgis\desktop10.5\ArcToolbox\Toolboxes\Data Management Tools.tbx\CalculateField" Date="20170921" Time="142826">CalculateField Students17_18 SCHL_CODE 206 VB #</Process><Process ToolSource="c:\program files (x86)\arcgis\desktop10.5\ArcToolbox\Toolboxes\Data Management Tools.tbx\CalculateField" Date="20170921" Time="143512">CalculateField Students17_18 SCHL_CODE 205 VB #</Process><Process ToolSource="c:\program files (x86)\arcgis\desktop10.5\ArcToolbox\Toolboxes\Data Management Tools.tbx\CalculateField" Date="20170921" Time="150836">CalculateField Students17_18 SCHL_CODE 210 VB #</Process><Process ToolSource="c:\program files (x86)\arcgis\desktop10.5\ArcToolbox\Toolboxes\Data Management Tools.tbx\CalculateField" Date="20170921" Time="152333">CalculateField Students17_18 SCHL_CODE 214 VB #</Process><Process ToolSource="c:\program files (x86)\arcgis\desktop10.5\ArcToolbox\Toolboxes\Data Management Tools.tbx\CalculateField" Date="20170921" Time="153054">CalculateField Students17_18 SCHL_CODE 207 VB #</Process><Process ToolSource="c:\program files (x86)\arcgis\desktop10.5\ArcToolbox\Toolboxes\Data Management Tools.tbx\CalculateField" Date="20170921" Time="153612">CalculateField Students17_18 SCHL_CODE 208 VB #</Process><Process ToolSource="c:\program files (x86)\arcgis\desktop10.5\ArcToolbox\Toolboxes\Data Management Tools.tbx\CalculateField" Date="20170921" Time="153647">CalculateField Students17_18 SCHL_CODE 213 VB #</Process><Process ToolSource="c:\program files (x86)\arcgis\desktop10.5\ArcToolbox\Toolboxes\Data Management Tools.tbx\CalculateField" Date="20170921" Time="153714">CalculateField Students17_18 SCHL_CODE 211 VB #</Process><Process ToolSource="c:\program files (x86)\arcgis\desktop10.5\ArcToolbox\Toolboxes\Data Management Tools.tbx\CalculateField" Date="20170921" Time="153737">CalculateField Students17_18 SCHL_CODE 209 VB #</Process><Process ToolSource="c:\program files (x86)\arcgis\desktop10.5\ArcToolbox\Toolboxes\Data Management Tools.tbx\CalculateField" Date="20170921" Time="153801">CalculateField Students17_18 SCHL_CODE 212 VB #</Process><Process ToolSource="c:\program files (x86)\arcgis\desktop10.5\ArcToolbox\Toolboxes\Data Management Tools.tbx\CalculateField" Date="20170921" Time="153821">CalculateField Students17_18 SCHL_CODE 215 VB #</Process><Process ToolSource="c:\program files (x86)\arcgis\desktop10.5\ArcToolbox\Toolboxes\Data Management Tools.tbx\CalculateField" Date="20170921" Time="154645">CalculateField Students17_18 SCHL_CODE 301 VB #</Process><Process ToolSource="c:\program files (x86)\arcgis\desktop10.5\ArcToolbox\Toolboxes\Data Management Tools.tbx\CalculateField" Date="20170921" Time="155235">CalculateField Students17_18 SCHL_CODE 309 VB #</Process><Process ToolSource="c:\program files (x86)\arcgis\desktop10.5\ArcToolbox\Toolboxes\Data Management Tools.tbx\CalculateField" Date="20170921" Time="155621">CalculateField Students17_18 SCHL_CODE 302 VB #</Process><Process ToolSource="c:\program files (x86)\arcgis\desktop10.5\ArcToolbox\Toolboxes\Data Management Tools.tbx\CalculateField" Date="20170921" Time="155701">CalculateField Students17_18 SCHL_CODE 310 VB #</Process><Process ToolSource="c:\program files (x86)\arcgis\desktop10.5\ArcToolbox\Toolboxes\Data Management Tools.tbx\CalculateField" Date="20170921" Time="155721">CalculateField Students17_18 SCHL_CODE 303 VB #</Process><Process ToolSource="c:\program files (x86)\arcgis\desktop10.5\ArcToolbox\Toolboxes\Data Management Tools.tbx\CalculateField" Date="20170921" Time="155746">CalculateField Students17_18 SCHL_CODE 315 VB #</Process><Process ToolSource="c:\program files (x86)\arcgis\desktop10.5\ArcToolbox\Toolboxes\Data Management Tools.tbx\CalculateField" Date="20170921" Time="155817">CalculateField Students17_18 SCHL_CODE 304 VB #</Process><Process ToolSource="c:\program files (x86)\arcgis\desktop10.5\ArcToolbox\Toolboxes\Data Management Tools.tbx\CalculateField" Date="20170921" Time="155838">CalculateField Students17_18 SCHL_CODE 305 VB #</Process><Process ToolSource="c:\program files (x86)\arcgis\desktop10.5\ArcToolbox\Toolboxes\Data Management Tools.tbx\CalculateField" Date="20170921" Time="155902">CalculateField Students17_18 SCHL_CODE 307 VB #</Process><Process ToolSource="c:\program files (x86)\arcgis\desktop10.5\ArcToolbox\Toolboxes\Data Management Tools.tbx\CalculateField" Date="20170921" Time="155919">CalculateField Students17_18 SCHL_CODE 306 VB #</Process><Process ToolSource="c:\program files (x86)\arcgis\desktop10.5\ArcToolbox\Toolboxes\Data Management Tools.tbx\CalculateField" Date="20170921" Time="155944">CalculateField Students17_18 SCHL_CODE 316 VB #</Process><Process ToolSource="c:\program files (x86)\arcgis\desktop10.5\ArcToolbox\Toolboxes\Data Management Tools.tbx\CalculateField" Date="20170921" Time="160003">CalculateField Students17_18 SCHL_CODE 317 VB #</Process><Process ToolSource="c:\program files (x86)\arcgis\desktop10.5\ArcToolbox\Toolboxes\Data Management Tools.tbx\CalculateField" Date="20170921" Time="160024">CalculateField Students17_18 SCHL_CODE 308 VB #</Process><Process ToolSource="c:\program files (x86)\arcgis\desktop10.5\ArcToolbox\Toolboxes\Data Management Tools.tbx\CalculateField" Date="20170921" Time="160046">CalculateField Students17_18 SCHL_CODE 314 VB #</Process><Process ToolSource="c:\program files (x86)\arcgis\desktop10.5\ArcToolbox\Toolboxes\Data Management Tools.tbx\CalculateField" Date="20170921" Time="160103">CalculateField Students17_18 SCHL_CODE 311 VB #</Process><Process ToolSource="c:\program files (x86)\arcgis\desktop10.5\ArcToolbox\Toolboxes\Data Management Tools.tbx\CalculateField" Date="20170922" Time="170438">CalculateField Students17_18 STUTYPE "OD" VB #</Process><Process ToolSource="c:\program files (x86)\arcgis\desktop10.5\ArcToolbox\Toolboxes\Data Management Tools.tbx\CalculateField" Date="20180117" Time="153321">CalculateField Students17_18 Current_S [CurrentSch] VB #</Process><Process ToolSource="c:\program files (x86)\arcgis\desktop10.5\ArcToolbox\Toolboxes\Data Management Tools.tbx\CalculateField" Date="20180117" Time="154049">CalculateField Students17_18 Previous_S [PreviousSc] VB #</Process><Process ToolSource="c:\program files (x86)\arcgis\desktop10.5\ArcToolbox\Toolboxes\Data Management Tools.tbx\CalculateField" Date="20180117" Time="154810">CalculateField Students17_18 ELEM_CODE [ESZones] VB #</Process><Process ToolSource="c:\program files (x86)\arcgis\desktop10.5\ArcToolbox\Toolboxes\Data Management Tools.tbx\CalculateField" Date="20180118" Time="084946">CalculateField Students17_18 HIGH_CODE [HSZones] VB #</Process></lineage></DataProperties></Esri></metadata>
