<?xml version="1.0" encoding="UTF-8"?>
<metadata xml:lang="en"><Esri><CreaDate>20180117</CreaDate><CreaTime>15183300</CreaTime><ArcGISFormat>1.0</ArcGISFormat><SyncOnce>FALSE</SyncOnce><DataProperties><lineage><Process ToolSource="c:\program files (x86)\arcgis\desktop10.5\ArcToolbox\Toolboxes\Data Management Tools.tbx\CalculateField" Date="20170608" Time="091313">CalculateField STUgeos2015_16string95pz15_16townRESDEV GRD [GRADE] VB #</Process><Process ToolSource="c:\program files (x86)\arcgis\desktop10.5\ArcToolbox\Toolboxes\Data Management Tools.tbx\CalculateField" Date="20170608" Time="092953">CalculateField STUgeos2015_16string95pz15_16townRESDEV GRD 0 VB #</Process><Process ToolSource="c:\program files (x86)\arcgis\desktop10.5\ArcToolbox\Toolboxes\Data Management Tools.tbx\CalculateField" Date="20170608" Time="095032">CalculateField STUgeos2015_16string95pz15_16townRESDEV SCHL_CODE [ELEM_] VB #</Process><Process ToolSource="c:\program files (x86)\arcgis\desktop10.5\ArcToolbox\Toolboxes\Data Management Tools.tbx\CalculateField" Date="20170608" Time="100237">CalculateField STUgeos2015_16string95pz15_16townRESDEV SCHL_CODE [INT_] VB #</Process><Process ToolSource="c:\program files (x86)\arcgis\desktop10.5\ArcToolbox\Toolboxes\Data Management Tools.tbx\CalculateField" Date="20170608" Time="101648">CalculateField STUgeos2015_16string95pz15_16townRESDEV SCHL_CODE [HIGH_] VB #</Process><Process ToolSource="c:\program files (x86)\arcgis\desktop10.5\ArcToolbox\Toolboxes\Data Management Tools.tbx\CalculateField" Date="20170608" Time="112422">CalculateField STUgeos2015_16string95pz15_16townRESDEV SCHL_CODE [ELEM_] VB #</Process><Process ToolSource="c:\program files (x86)\arcgis\desktop10.5\ArcToolbox\Toolboxes\Data Management Tools.tbx\CalculateField" Date="20170608" Time="113122">CalculateField STUgeos2015_16string95pz15_16townRESDEV SCHL_CODE 400 VB #</Process><Process ToolSource="c:\program files (x86)\arcgis\desktop10.5\ArcToolbox\Toolboxes\Data Management Tools.tbx\CalculateField" Date="20170608" Time="113214">CalculateField STUgeos2015_16string95pz15_16townRESDEV STUTYPE "CH" VB #</Process><Process ToolSource="c:\program files (x86)\arcgis\desktop10.5\ArcToolbox\Toolboxes\Data Management Tools.tbx\CalculateField" Date="20170608" Time="113552">CalculateField STUgeos2015_16string95pz15_16townRESDEV STUTYPE "CH" VB #</Process><Process ToolSource="c:\program files (x86)\arcgis\desktop10.5\ArcToolbox\Toolboxes\Data Management Tools.tbx\CalculateField" Date="20170608" Time="113706">CalculateField STUgeos2015_16string95pz15_16townRESDEV SCHL_CODE [ELEM_] VB #</Process><Process ToolSource="c:\program files (x86)\arcgis\desktop10.5\ArcToolbox\Toolboxes\Data Management Tools.tbx\CalculateField" Date="20170608" Time="114412">CalculateField STUgeos2015_16string95pz15_16townRESDEV SCHL_CODE [ELEM_] VB #</Process><Process ToolSource="c:\program files (x86)\arcgis\desktop10.5\ArcToolbox\Toolboxes\Data Management Tools.tbx\CalculateField" Date="20170608" Time="114500">CalculateField STUgeos2015_16string95pz15_16townRESDEV GRD 0 VB #</Process><Process ToolSource="c:\program files (x86)\arcgis\desktop10.5\ArcToolbox\Toolboxes\Data Management Tools.tbx\CalculateField" Date="20170608" Time="114534">CalculateField STUgeos2015_16string95pz15_16townRESDEV STUTYPE "OT" VB #</Process><Process ToolSource="c:\program files (x86)\arcgis\desktop10.5\ArcToolbox\Toolboxes\Data Management Tools.tbx\CalculateField" Date="20170608" Time="121948">CalculateField STUgeos2015_16string95pz15_16townRESDEV STUTYPE "RS" VB #</Process><Process ToolSource="c:\program files (x86)\arcgis\desktop10.5\ArcToolbox\Toolboxes\Data Management Tools.tbx\CalculateField" Date="20170608" Time="123455">CalculateField STUgeos2015_16string95pz15_16townRESDEV CURRENT_SCHL 130 VB #</Process><Process ToolSource="c:\program files (x86)\arcgis\desktop10.5\ArcToolbox\Toolboxes\Data Management Tools.tbx\CalculateField" Date="20170608" Time="124056">CalculateField STUgeos2015_16string95pz15_16townRESDEV CURRENT_SCHL 101 VB #</Process><Process ToolSource="c:\program files (x86)\arcgis\desktop10.5\ArcToolbox\Toolboxes\Data Management Tools.tbx\CalculateField" Date="20170608" Time="124134">CalculateField STUgeos2015_16string95pz15_16townRESDEV CURRENT_SCHL 102 VB #</Process><Process ToolSource="c:\program files (x86)\arcgis\desktop10.5\ArcToolbox\Toolboxes\Data Management Tools.tbx\CalculateField" Date="20170608" Time="124211">CalculateField STUgeos2015_16string95pz15_16townRESDEV CURRENT_SCHL 103 VB #</Process><Process ToolSource="c:\program files (x86)\arcgis\desktop10.5\ArcToolbox\Toolboxes\Data Management Tools.tbx\CalculateField" Date="20170608" Time="124231">CalculateField STUgeos2015_16string95pz15_16townRESDEV CURRENT_SCHL 104 VB #</Process><Process ToolSource="c:\program files (x86)\arcgis\desktop10.5\ArcToolbox\Toolboxes\Data Management Tools.tbx\CalculateField" Date="20170608" Time="124304">CalculateField STUgeos2015_16string95pz15_16townRESDEV CURRENT_SCHL 105 VB #</Process><Process ToolSource="c:\program files (x86)\arcgis\desktop10.5\ArcToolbox\Toolboxes\Data Management Tools.tbx\CalculateField" Date="20170608" Time="124327">CalculateField STUgeos2015_16string95pz15_16townRESDEV CURRENT_SCHL 106 VB #</Process><Process ToolSource="c:\program files (x86)\arcgis\desktop10.5\ArcToolbox\Toolboxes\Data Management Tools.tbx\CalculateField" Date="20170608" Time="124344">CalculateField STUgeos2015_16string95pz15_16townRESDEV CURRENT_SCHL 201 VB #</Process><Process ToolSource="c:\program files (x86)\arcgis\desktop10.5\ArcToolbox\Toolboxes\Data Management Tools.tbx\CalculateField" Date="20170608" Time="124418">CalculateField STUgeos2015_16string95pz15_16townRESDEV CURRENT_SCHL 301 VB #</Process><Process ToolSource="c:\program files (x86)\arcgis\desktop10.5\ArcToolbox\Toolboxes\Data Management Tools.tbx\CalculateField" Date="20170608" Time="124442">CalculateField STUgeos2015_16string95pz15_16townRESDEV CURRENT_SCHL 202 VB #</Process><Process ToolSource="c:\program files (x86)\arcgis\desktop10.5\ArcToolbox\Toolboxes\Data Management Tools.tbx\CalculateField" Date="20170608" Time="124503">CalculateField STUgeos2015_16string95pz15_16townRESDEV CURRENT_SCHL 107 VB #</Process><Process ToolSource="c:\program files (x86)\arcgis\desktop10.5\ArcToolbox\Toolboxes\Data Management Tools.tbx\CalculateField" Date="20170608" Time="124527">CalculateField STUgeos2015_16string95pz15_16townRESDEV CURRENT_SCHL 152 VB #</Process><Process ToolSource="c:\program files (x86)\arcgis\desktop10.5\ArcToolbox\Toolboxes\Data Management Tools.tbx\CalculateField" Date="20170608" Time="124600">CalculateField STUgeos2015_16string95pz15_16townRESDEV CURRENT_SCHL 309 VB #</Process><Process ToolSource="c:\program files (x86)\arcgis\desktop10.5\ArcToolbox\Toolboxes\Data Management Tools.tbx\CalculateField" Date="20170608" Time="124617">CalculateField STUgeos2015_16string95pz15_16townRESDEV CURRENT_SCHL 108 VB #</Process><Process ToolSource="c:\program files (x86)\arcgis\desktop10.5\ArcToolbox\Toolboxes\Data Management Tools.tbx\CalculateField" Date="20170608" Time="124648">CalculateField STUgeos2015_16string95pz15_16townRESDEV CURRENT_SCHL 151 VB #</Process><Process ToolSource="c:\program files (x86)\arcgis\desktop10.5\ArcToolbox\Toolboxes\Data Management Tools.tbx\CalculateField" Date="20170608" Time="124716">CalculateField STUgeos2015_16string95pz15_16townRESDEV CURRENT_SCHL 109 VB #</Process><Process ToolSource="c:\program files (x86)\arcgis\desktop10.5\ArcToolbox\Toolboxes\Data Management Tools.tbx\CalculateField" Date="20170608" Time="124740">CalculateField STUgeos2015_16string95pz15_16townRESDEV CURRENT_SCHL 156 VB #</Process><Process ToolSource="c:\program files (x86)\arcgis\desktop10.5\ArcToolbox\Toolboxes\Data Management Tools.tbx\CalculateField" Date="20170608" Time="124802">CalculateField STUgeos2015_16string95pz15_16townRESDEV CURRENT_SCHL 110 VB #</Process><Process ToolSource="c:\program files (x86)\arcgis\desktop10.5\ArcToolbox\Toolboxes\Data Management Tools.tbx\CalculateField" Date="20170608" Time="124827">CalculateField STUgeos2015_16string95pz15_16townRESDEV CURRENT_SCHL 111 VB #</Process><Process ToolSource="c:\program files (x86)\arcgis\desktop10.5\ArcToolbox\Toolboxes\Data Management Tools.tbx\CalculateField" Date="20170608" Time="124913">CalculateField STUgeos2015_16string95pz15_16townRESDEV CURRENT_SCHL [SCHL_CODE] VB #</Process><Process ToolSource="c:\program files (x86)\arcgis\desktop10.5\ArcToolbox\Toolboxes\Data Management Tools.tbx\CalculateField" Date="20170608" Time="124954">CalculateField STUgeos2015_16string95pz15_16townRESDEV CURRENT_SCHL 154 VB #</Process><Process ToolSource="c:\program files (x86)\arcgis\desktop10.5\ArcToolbox\Toolboxes\Data Management Tools.tbx\CalculateField" Date="20170608" Time="125016">CalculateField STUgeos2015_16string95pz15_16townRESDEV CURRENT_SCHL 302 VB #</Process><Process ToolSource="c:\program files (x86)\arcgis\desktop10.5\ArcToolbox\Toolboxes\Data Management Tools.tbx\CalculateField" Date="20170608" Time="125045">CalculateField STUgeos2015_16string95pz15_16townRESDEV CURRENT_SCHL 112 VB #</Process><Process ToolSource="c:\program files (x86)\arcgis\desktop10.5\ArcToolbox\Toolboxes\Data Management Tools.tbx\CalculateField" Date="20170608" Time="125937">CalculateField STUgeos2015_16string95pz15_16townRESDEV CURRENT_SCHL [ELEM_] VB #</Process><Process ToolSource="c:\program files (x86)\arcgis\desktop10.5\ArcToolbox\Toolboxes\Data Management Tools.tbx\CalculateField" Date="20170608" Time="130005">CalculateField STUgeos2015_16string95pz15_16townRESDEV CURRENT_SCHL [SCHL_CODE] VB #</Process><Process ToolSource="c:\program files (x86)\arcgis\desktop10.5\ArcToolbox\Toolboxes\Data Management Tools.tbx\CalculateField" Date="20170608" Time="130031">CalculateField STUgeos2015_16string95pz15_16townRESDEV CURRENT_SCHL 113 VB #</Process><Process ToolSource="c:\program files (x86)\arcgis\desktop10.5\ArcToolbox\Toolboxes\Data Management Tools.tbx\CalculateField" Date="20170608" Time="130049">CalculateField STUgeos2015_16string95pz15_16townRESDEV CURRENT_SCHL 203 VB #</Process><Process ToolSource="c:\program files (x86)\arcgis\desktop10.5\ArcToolbox\Toolboxes\Data Management Tools.tbx\CalculateField" Date="20170608" Time="130119">CalculateField STUgeos2015_16string95pz15_16townRESDEV CURRENT_SCHL 114 VB #</Process><Process ToolSource="c:\program files (x86)\arcgis\desktop10.5\ArcToolbox\Toolboxes\Data Management Tools.tbx\CalculateField" Date="20170608" Time="130149">CalculateField STUgeos2015_16string95pz15_16townRESDEV CURRENT_SCHL 153 VB #</Process><Process ToolSource="c:\program files (x86)\arcgis\desktop10.5\ArcToolbox\Toolboxes\Data Management Tools.tbx\CalculateField" Date="20170608" Time="130210">CalculateField STUgeos2015_16string95pz15_16townRESDEV CURRENT_SCHL 116 VB #</Process><Process ToolSource="c:\program files (x86)\arcgis\desktop10.5\ArcToolbox\Toolboxes\Data Management Tools.tbx\CalculateField" Date="20170608" Time="130231">CalculateField STUgeos2015_16string95pz15_16townRESDEV CURRENT_SCHL 310 VB #</Process><Process ToolSource="c:\program files (x86)\arcgis\desktop10.5\ArcToolbox\Toolboxes\Data Management Tools.tbx\CalculateField" Date="20170608" Time="130253">CalculateField STUgeos2015_16string95pz15_16townRESDEV CURRENT_SCHL 115 VB #</Process><Process ToolSource="c:\program files (x86)\arcgis\desktop10.5\ArcToolbox\Toolboxes\Data Management Tools.tbx\CalculateField" Date="20170608" Time="130316">CalculateField STUgeos2015_16string95pz15_16townRESDEV CURRENT_SCHL 204 VB #</Process><Process ToolSource="c:\program files (x86)\arcgis\desktop10.5\ArcToolbox\Toolboxes\Data Management Tools.tbx\CalculateField" Date="20170608" Time="130340">CalculateField STUgeos2015_16string95pz15_16townRESDEV CURRENT_SCHL 117 VB #</Process><Process ToolSource="c:\program files (x86)\arcgis\desktop10.5\ArcToolbox\Toolboxes\Data Management Tools.tbx\CalculateField" Date="20170608" Time="130406">CalculateField STUgeos2015_16string95pz15_16townRESDEV CURRENT_SCHL 118 VB #</Process><Process ToolSource="c:\program files (x86)\arcgis\desktop10.5\ArcToolbox\Toolboxes\Data Management Tools.tbx\CalculateField" Date="20170608" Time="130637">CalculateField STUgeos2015_16string95pz15_16townRESDEV CURRENT_SCHL 119 VB #</Process><Process ToolSource="c:\program files (x86)\arcgis\desktop10.5\ArcToolbox\Toolboxes\Data Management Tools.tbx\CalculateField" Date="20170608" Time="130701">CalculateField STUgeos2015_16string95pz15_16townRESDEV CURRENT_SCHL 120 VB #</Process><Process ToolSource="c:\program files (x86)\arcgis\desktop10.5\ArcToolbox\Toolboxes\Data Management Tools.tbx\CalculateField" Date="20170608" Time="130722">CalculateField STUgeos2015_16string95pz15_16townRESDEV CURRENT_SCHL 206 VB #</Process><Process ToolSource="c:\program files (x86)\arcgis\desktop10.5\ArcToolbox\Toolboxes\Data Management Tools.tbx\CalculateField" Date="20170608" Time="130753">CalculateField STUgeos2015_16string95pz15_16townRESDEV CURRENT_SCHL 205 VB #</Process><Process ToolSource="c:\program files (x86)\arcgis\desktop10.5\ArcToolbox\Toolboxes\Data Management Tools.tbx\CalculateField" Date="20170608" Time="130830">CalculateField STUgeos2015_16string95pz15_16townRESDEV CURRENT_SCHL 121 VB #</Process><Process ToolSource="c:\program files (x86)\arcgis\desktop10.5\ArcToolbox\Toolboxes\Data Management Tools.tbx\CalculateField" Date="20170608" Time="130855">CalculateField STUgeos2015_16string95pz15_16townRESDEV CURRENT_SCHL 303 VB #</Process><Process ToolSource="c:\program files (x86)\arcgis\desktop10.5\ArcToolbox\Toolboxes\Data Management Tools.tbx\CalculateField" Date="20170608" Time="130919">CalculateField STUgeos2015_16string95pz15_16townRESDEV CURRENT_SCHL 122 VB #</Process><Process ToolSource="c:\program files (x86)\arcgis\desktop10.5\ArcToolbox\Toolboxes\Data Management Tools.tbx\CalculateField" Date="20170608" Time="130945">CalculateField STUgeos2015_16string95pz15_16townRESDEV CURRENT_SCHL 315 VB #</Process><Process ToolSource="c:\program files (x86)\arcgis\desktop10.5\ArcToolbox\Toolboxes\Data Management Tools.tbx\CalculateField" Date="20170608" Time="131015">CalculateField STUgeos2015_16string95pz15_16townRESDEV CURRENT_SCHL 209 VB #</Process><Process ToolSource="c:\program files (x86)\arcgis\desktop10.5\ArcToolbox\Toolboxes\Data Management Tools.tbx\CalculateField" Date="20170608" Time="131053">CalculateField STUgeos2015_16string95pz15_16townRESDEV CURRENT_SCHL 214 VB #</Process><Process ToolSource="c:\program files (x86)\arcgis\desktop10.5\ArcToolbox\Toolboxes\Data Management Tools.tbx\CalculateField" Date="20170608" Time="131119">CalculateField STUgeos2015_16string95pz15_16townRESDEV CURRENT_SCHL 148 VB #</Process><Process ToolSource="c:\program files (x86)\arcgis\desktop10.5\ArcToolbox\Toolboxes\Data Management Tools.tbx\CalculateField" Date="20170608" Time="131141">CalculateField STUgeos2015_16string95pz15_16townRESDEV CURRENT_SCHL 304 VB #</Process><Process ToolSource="c:\program files (x86)\arcgis\desktop10.5\ArcToolbox\Toolboxes\Data Management Tools.tbx\CalculateField" Date="20170608" Time="131208">CalculateField STUgeos2015_16string95pz15_16townRESDEV CURRENT_SCHL 123 VB #</Process><Process ToolSource="c:\program files (x86)\arcgis\desktop10.5\ArcToolbox\Toolboxes\Data Management Tools.tbx\CalculateField" Date="20170608" Time="131228">CalculateField STUgeos2015_16string95pz15_16townRESDEV CURRENT_SCHL 143 VB #</Process><Process ToolSource="c:\program files (x86)\arcgis\desktop10.5\ArcToolbox\Toolboxes\Data Management Tools.tbx\CalculateField" Date="20170608" Time="131311">CalculateField STUgeos2015_16string95pz15_16townRESDEV CURRENT_SCHL 149 VB #</Process><Process ToolSource="c:\program files (x86)\arcgis\desktop10.5\ArcToolbox\Toolboxes\Data Management Tools.tbx\CalculateField" Date="20170608" Time="131549">CalculateField STUgeos2015_16string95pz15_16townRESDEV CURRENT_SCHL 124 VB #</Process><Process ToolSource="c:\program files (x86)\arcgis\desktop10.5\ArcToolbox\Toolboxes\Data Management Tools.tbx\CalculateField" Date="20170608" Time="131614">CalculateField STUgeos2015_16string95pz15_16townRESDEV CURRENT_SCHL 125 VB #</Process><Process ToolSource="c:\program files (x86)\arcgis\desktop10.5\ArcToolbox\Toolboxes\Data Management Tools.tbx\CalculateField" Date="20170608" Time="131630">CalculateField STUgeos2015_16string95pz15_16townRESDEV CURRENT_SCHL 126 VB #</Process><Process ToolSource="c:\program files (x86)\arcgis\desktop10.5\ArcToolbox\Toolboxes\Data Management Tools.tbx\CalculateField" Date="20170608" Time="131652">CalculateField STUgeos2015_16string95pz15_16townRESDEV CURRENT_SCHL 127 VB #</Process><Process ToolSource="c:\program files (x86)\arcgis\desktop10.5\ArcToolbox\Toolboxes\Data Management Tools.tbx\CalculateField" Date="20170608" Time="131715">CalculateField STUgeos2015_16string95pz15_16townRESDEV CURRENT_SCHL 128 VB #</Process><Process ToolSource="c:\program files (x86)\arcgis\desktop10.5\ArcToolbox\Toolboxes\Data Management Tools.tbx\CalculateField" Date="20170608" Time="131735">CalculateField STUgeos2015_16string95pz15_16townRESDEV CURRENT_SCHL 305 VB #</Process><Process ToolSource="c:\program files (x86)\arcgis\desktop10.5\ArcToolbox\Toolboxes\Data Management Tools.tbx\CalculateField" Date="20170608" Time="131754">CalculateField STUgeos2015_16string95pz15_16townRESDEV CURRENT_SCHL [SCHL_CODE] VB #</Process><Process ToolSource="c:\program files (x86)\arcgis\desktop10.5\ArcToolbox\Toolboxes\Data Management Tools.tbx\CalculateField" Date="20170608" Time="131828">CalculateField STUgeos2015_16string95pz15_16townRESDEV CURRENT_SCHL 129 VB #</Process><Process ToolSource="c:\program files (x86)\arcgis\desktop10.5\ArcToolbox\Toolboxes\Data Management Tools.tbx\CalculateField" Date="20170608" Time="131849">CalculateField STUgeos2015_16string95pz15_16townRESDEV CURRENT_SCHL 131 VB #</Process><Process ToolSource="c:\program files (x86)\arcgis\desktop10.5\ArcToolbox\Toolboxes\Data Management Tools.tbx\CalculateField" Date="20170608" Time="131910">CalculateField STUgeos2015_16string95pz15_16townRESDEV CURRENT_SCHL 207 VB #</Process><Process ToolSource="c:\program files (x86)\arcgis\desktop10.5\ArcToolbox\Toolboxes\Data Management Tools.tbx\CalculateField" Date="20170608" Time="131935">CalculateField STUgeos2015_16string95pz15_16townRESDEV CURRENT_SCHL 155 VB #</Process><Process ToolSource="c:\program files (x86)\arcgis\desktop10.5\ArcToolbox\Toolboxes\Data Management Tools.tbx\CalculateField" Date="20170608" Time="131955">CalculateField STUgeos2015_16string95pz15_16townRESDEV CURRENT_SCHL 132 VB #</Process><Process ToolSource="c:\program files (x86)\arcgis\desktop10.5\ArcToolbox\Toolboxes\Data Management Tools.tbx\CalculateField" Date="20170608" Time="132011">CalculateField STUgeos2015_16string95pz15_16townRESDEV CURRENT_SCHL 144 VB #</Process><Process ToolSource="c:\program files (x86)\arcgis\desktop10.5\ArcToolbox\Toolboxes\Data Management Tools.tbx\CalculateField" Date="20170608" Time="132028">CalculateField STUgeos2015_16string95pz15_16townRESDEV CURRENT_SCHL 307 VB #</Process><Process ToolSource="c:\program files (x86)\arcgis\desktop10.5\ArcToolbox\Toolboxes\Data Management Tools.tbx\CalculateField" Date="20170608" Time="132058">CalculateField STUgeos2015_16string95pz15_16townRESDEV CURRENT_SCHL 133 VB #</Process><Process ToolSource="c:\program files (x86)\arcgis\desktop10.5\ArcToolbox\Toolboxes\Data Management Tools.tbx\CalculateField" Date="20170608" Time="132120">CalculateField STUgeos2015_16string95pz15_16townRESDEV CURRENT_SCHL 145 VB #</Process><Process ToolSource="c:\program files (x86)\arcgis\desktop10.5\ArcToolbox\Toolboxes\Data Management Tools.tbx\CalculateField" Date="20170608" Time="132340">CalculateField STUgeos2015_16string95pz15_16townRESDEV CURRENT_SCHL 306 VB #</Process><Process ToolSource="c:\program files (x86)\arcgis\desktop10.5\ArcToolbox\Toolboxes\Data Management Tools.tbx\CalculateField" Date="20170608" Time="132406">CalculateField STUgeos2015_16string95pz15_16townRESDEV CURRENT_SCHL 208 VB #</Process><Process ToolSource="c:\program files (x86)\arcgis\desktop10.5\ArcToolbox\Toolboxes\Data Management Tools.tbx\CalculateField" Date="20170608" Time="132436">CalculateField STUgeos2015_16string95pz15_16townRESDEV CURRENT_SCHL 135 VB #</Process><Process ToolSource="c:\program files (x86)\arcgis\desktop10.5\ArcToolbox\Toolboxes\Data Management Tools.tbx\CalculateField" Date="20170608" Time="132627">CalculateField STUgeos2015_16string95pz15_16townRESDEV CURRENT_SCHL 146 VB #</Process><Process ToolSource="c:\program files (x86)\arcgis\desktop10.5\ArcToolbox\Toolboxes\Data Management Tools.tbx\CalculateField" Date="20170608" Time="132655">CalculateField STUgeos2015_16string95pz15_16townRESDEV CURRENT_SCHL 134 VB #</Process><Process ToolSource="c:\program files (x86)\arcgis\desktop10.5\ArcToolbox\Toolboxes\Data Management Tools.tbx\CalculateField" Date="20170608" Time="132718">CalculateField STUgeos2015_16string95pz15_16townRESDEV CURRENT_SCHL 316 VB #</Process><Process ToolSource="c:\program files (x86)\arcgis\desktop10.5\ArcToolbox\Toolboxes\Data Management Tools.tbx\CalculateField" Date="20170608" Time="132736">CalculateField STUgeos2015_16string95pz15_16townRESDEV CURRENT_SCHL 317 VB #</Process><Process ToolSource="c:\program files (x86)\arcgis\desktop10.5\ArcToolbox\Toolboxes\Data Management Tools.tbx\CalculateField" Date="20170608" Time="132805">CalculateField STUgeos2015_16string95pz15_16townRESDEV CURRENT_SCHL 136 VB #</Process><Process ToolSource="c:\program files (x86)\arcgis\desktop10.5\ArcToolbox\Toolboxes\Data Management Tools.tbx\CalculateField" Date="20170608" Time="132834">CalculateField STUgeos2015_16string95pz15_16townRESDEV CURRENT_SCHL 308 VB #</Process><Process ToolSource="c:\program files (x86)\arcgis\desktop10.5\ArcToolbox\Toolboxes\Data Management Tools.tbx\CalculateField" Date="20170608" Time="132852">CalculateField STUgeos2015_16string95pz15_16townRESDEV CURRENT_SCHL 137 VB #</Process><Process ToolSource="c:\program files (x86)\arcgis\desktop10.5\ArcToolbox\Toolboxes\Data Management Tools.tbx\CalculateField" Date="20170608" Time="132920">CalculateField STUgeos2015_16string95pz15_16townRESDEV CURRENT_SCHL 213 VB #</Process><Process ToolSource="c:\program files (x86)\arcgis\desktop10.5\ArcToolbox\Toolboxes\Data Management Tools.tbx\CalculateField" Date="20170608" Time="132944">CalculateField STUgeos2015_16string95pz15_16townRESDEV CURRENT_SCHL 211 VB #</Process><Process ToolSource="c:\program files (x86)\arcgis\desktop10.5\ArcToolbox\Toolboxes\Data Management Tools.tbx\CalculateField" Date="20170608" Time="133003">CalculateField STUgeos2015_16string95pz15_16townRESDEV CURRENT_SCHL 210 VB #</Process><Process ToolSource="c:\program files (x86)\arcgis\desktop10.5\ArcToolbox\Toolboxes\Data Management Tools.tbx\CalculateField" Date="20170608" Time="133020">CalculateField STUgeos2015_16string95pz15_16townRESDEV CURRENT_SCHL 138 VB #</Process><Process ToolSource="c:\program files (x86)\arcgis\desktop10.5\ArcToolbox\Toolboxes\Data Management Tools.tbx\CalculateField" Date="20170608" Time="133042">CalculateField STUgeos2015_16string95pz15_16townRESDEV CURRENT_SCHL 212 VB #</Process><Process ToolSource="c:\program files (x86)\arcgis\desktop10.5\ArcToolbox\Toolboxes\Data Management Tools.tbx\CalculateField" Date="20170608" Time="133241">CalculateField STUgeos2015_16string95pz15_16townRESDEV CURRENT_SCHL 150 VB #</Process><Process ToolSource="c:\program files (x86)\arcgis\desktop10.5\ArcToolbox\Toolboxes\Data Management Tools.tbx\CalculateField" Date="20170608" Time="133310">CalculateField STUgeos2015_16string95pz15_16townRESDEV CURRENT_SCHL 139 VB #</Process><Process ToolSource="c:\program files (x86)\arcgis\desktop10.5\ArcToolbox\Toolboxes\Data Management Tools.tbx\CalculateField" Date="20170608" Time="133332">CalculateField STUgeos2015_16string95pz15_16townRESDEV CURRENT_SCHL 140 VB #</Process><Process ToolSource="c:\program files (x86)\arcgis\desktop10.5\ArcToolbox\Toolboxes\Data Management Tools.tbx\CalculateField" Date="20170608" Time="133408">CalculateField STUgeos2015_16string95pz15_16townRESDEV CURRENT_SCHL 147 VB #</Process><Process ToolSource="c:\program files (x86)\arcgis\desktop10.5\ArcToolbox\Toolboxes\Data Management Tools.tbx\CalculateField" Date="20170608" Time="133500">CalculateField STUgeos2015_16string95pz15_16townRESDEV CURRENT_SCHL 314 VB #</Process><Process ToolSource="c:\program files (x86)\arcgis\desktop10.5\ArcToolbox\Toolboxes\Data Management Tools.tbx\CalculateField" Date="20170608" Time="133521">CalculateField STUgeos2015_16string95pz15_16townRESDEV CURRENT_SCHL 400 VB #</Process><Process ToolSource="c:\program files (x86)\arcgis\desktop10.5\ArcToolbox\Toolboxes\Data Management Tools.tbx\CalculateField" Date="20170608" Time="133550">CalculateField STUgeos2015_16string95pz15_16townRESDEV SCHL_CODE [HIGH_] VB #</Process><Process ToolSource="c:\program files (x86)\arcgis\desktop10.5\ArcToolbox\Toolboxes\Data Management Tools.tbx\CalculateField" Date="20170608" Time="133629">CalculateField STUgeos2015_16string95pz15_16townRESDEV CURRENT_SCHL 215 VB #</Process><Process ToolSource="c:\program files (x86)\arcgis\desktop10.5\ArcToolbox\Toolboxes\Data Management Tools.tbx\CalculateField" Date="20170608" Time="133711">CalculateField STUgeos2015_16string95pz15_16townRESDEV CURRENT_SCHL 141 VB #</Process><Process ToolSource="c:\program files (x86)\arcgis\desktop10.5\ArcToolbox\Toolboxes\Data Management Tools.tbx\CalculateField" Date="20170608" Time="133739">CalculateField STUgeos2015_16string95pz15_16townRESDEV CURRENT_SCHL 142 VB #</Process><Process ToolSource="c:\program files (x86)\arcgis\desktop10.5\ArcToolbox\Toolboxes\Data Management Tools.tbx\CalculateField" Date="20170608" Time="133802">CalculateField STUgeos2015_16string95pz15_16townRESDEV CURRENT_SCHL 311 VB #</Process><Process ToolSource="c:\program files (x86)\arcgis\desktop10.5\ArcToolbox\Toolboxes\Conversion Tools.tbx\FeatureClassToFeatureClass" Date="20170608" Time="135511">FeatureClassToFeatureClass \\firma.prod.loudoun.local\tdata\project\lcps\DavisDemographics\GEOS\GEOCODEdata2015.gdb\STUgeos2015_16string95pz15_16townRESDEV \\firma.prod.loudoun.local\tdata\project\lcps\ColinFlynn\DAVIS 2015_16Geocodes.shp # "OBJECTID_1 "OBJECTID_12_13" true true false 4 Long 0 0 ,First,#,\\firma.prod.loudoun.local\tdata\project\lcps\DavisDemographics\GEOS\GEOCODEdata2015.gdb\STUgeos2015_16string95pz15_16townRESDEV,OBJECTID_12_13,-1,-1;OBJECTID_2 "OBJECTID_12" true true false 4 Long 0 0 ,First,#,\\firma.prod.loudoun.local\tdata\project\lcps\DavisDemographics\GEOS\GEOCODEdata2015.gdb\STUgeos2015_16string95pz15_16townRESDEV,OBJECTID_12,-1,-1;ObjectID "ObjectID" true true false 4 Long 0 0 ,First,#,\\firma.prod.loudoun.local\tdata\project\lcps\DavisDemographics\GEOS\GEOCODEdata2015.gdb\STUgeos2015_16string95pz15_16townRESDEV,ObjectID,-1,-1;Status "Status" true true false 1 Text 0 0 ,First,#,\\firma.prod.loudoun.local\tdata\project\lcps\DavisDemographics\GEOS\GEOCODEdata2015.gdb\STUgeos2015_16string95pz15_16townRESDEV,Status,-1,-1;Score "Score" true true false 8 Double 0 0 ,First,#,\\firma.prod.loudoun.local\tdata\project\lcps\DavisDemographics\GEOS\GEOCODEdata2015.gdb\STUgeos2015_16string95pz15_16townRESDEV,Score,-1,-1;Match_type "Match_type" true true false 2 Text 0 0 ,First,#,\\firma.prod.loudoun.local\tdata\project\lcps\DavisDemographics\GEOS\GEOCODEdata2015.gdb\STUgeos2015_16string95pz15_16townRESDEV,Match_type,-1,-1;Match_addr "Match_addr" true true false 120 Text 0 0 ,First,#,\\firma.prod.loudoun.local\tdata\project\lcps\DavisDemographics\GEOS\GEOCODEdata2015.gdb\STUgeos2015_16string95pz15_16townRESDEV,Match_addr,-1,-1;Side "Side" true true false 1 Text 0 0 ,First,#,\\firma.prod.loudoun.local\tdata\project\lcps\DavisDemographics\GEOS\GEOCODEdata2015.gdb\STUgeos2015_16string95pz15_16townRESDEV,Side,-1,-1;Ref_ID "Ref_ID" true true false 50 Text 0 0 ,First,#,\\firma.prod.loudoun.local\tdata\project\lcps\DavisDemographics\GEOS\GEOCODEdata2015.gdb\STUgeos2015_16string95pz15_16townRESDEV,Ref_ID,-1,-1;User_fld "User_fld" true true false 120 Text 0 0 ,First,#,\\firma.prod.loudoun.local\tdata\project\lcps\DavisDemographics\GEOS\GEOCODEdata2015.gdb\STUgeos2015_16string95pz15_16townRESDEV,User_fld,-1,-1;Addr_type "Addr_type" true true false 20 Text 0 0 ,First,#,\\firma.prod.loudoun.local\tdata\project\lcps\DavisDemographics\GEOS\GEOCODEdata2015.gdb\STUgeos2015_16string95pz15_16townRESDEV,Addr_type,-1,-1;ARC_Street "ARC_Street" true true false 100 Text 0 0 ,First,#,\\firma.prod.loudoun.local\tdata\project\lcps\DavisDemographics\GEOS\GEOCODEdata2015.gdb\STUgeos2015_16string95pz15_16townRESDEV,ARC_Street,-1,-1;ARC_ZIP "ARC_ZIP" true true false 10 Text 0 0 ,First,#,\\firma.prod.loudoun.local\tdata\project\lcps\DavisDemographics\GEOS\GEOCODEdata2015.gdb\STUgeos2015_16string95pz15_16townRESDEV,ARC_ZIP,-1,-1;LoudID "LoudID" true true false 8 Double 0 0 ,First,#,\\firma.prod.loudoun.local\tdata\project\lcps\DavisDemographics\GEOS\GEOCODEdata2015.gdb\STUgeos2015_16string95pz15_16townRESDEV,LoudID,-1,-1;Address "Address" true true false 8 Double 0 0 ,First,#,\\firma.prod.loudoun.local\tdata\project\lcps\DavisDemographics\GEOS\GEOCODEdata2015.gdb\STUgeos2015_16string95pz15_16townRESDEV,Address,-1,-1;AddressExt "AddressExt" true true false 255 Text 0 0 ,First,#,\\firma.prod.loudoun.local\tdata\project\lcps\DavisDemographics\GEOS\GEOCODEdata2015.gdb\STUgeos2015_16string95pz15_16townRESDEV,AddressExt,-1,-1;Prefix "Prefix" true true false 255 Text 0 0 ,First,#,\\firma.prod.loudoun.local\tdata\project\lcps\DavisDemographics\GEOS\GEOCODEdata2015.gdb\STUgeos2015_16string95pz15_16townRESDEV,Prefix,-1,-1;StreetName "StreetName" true true false 255 Text 0 0 ,First,#,\\firma.prod.loudoun.local\tdata\project\lcps\DavisDemographics\GEOS\GEOCODEdata2015.gdb\STUgeos2015_16string95pz15_16townRESDEV,StreetName,-1,-1;StreetType "StreetType" true true false 255 Text 0 0 ,First,#,\\firma.prod.loudoun.local\tdata\project\lcps\DavisDemographics\GEOS\GEOCODEdata2015.gdb\STUgeos2015_16string95pz15_16townRESDEV,StreetType,-1,-1;Suffix "Suffix" true true false 255 Text 0 0 ,First,#,\\firma.prod.loudoun.local\tdata\project\lcps\DavisDemographics\GEOS\GEOCODEdata2015.gdb\STUgeos2015_16string95pz15_16townRESDEV,Suffix,-1,-1;AddressWad "AddressWaddext" true true false 8 Double 0 0 ,First,#,\\firma.prod.loudoun.local\tdata\project\lcps\DavisDemographics\GEOS\GEOCODEdata2015.gdb\STUgeos2015_16string95pz15_16townRESDEV,AddressWaddext,-1,-1;StreetNa_1 "StreetNameStrTypePreAsuff" true true false 255 Text 0 0 ,First,#,\\firma.prod.loudoun.local\tdata\project\lcps\DavisDemographics\GEOS\GEOCODEdata2015.gdb\STUgeos2015_16string95pz15_16townRESDEV,StreetNameStrTypePreAsuff,-1,-1;AddressStr "AddressStreetNameStringA" true true false 255 Text 0 0 ,First,#,\\firma.prod.loudoun.local\tdata\project\lcps\DavisDemographics\GEOS\GEOCODEdata2015.gdb\STUgeos2015_16string95pz15_16townRESDEV,AddressStreetNameStringA,-1,-1;StreetNa_2 "StreetNameStrTypePreBsuff" true true false 255 Text 0 0 ,First,#,\\firma.prod.loudoun.local\tdata\project\lcps\DavisDemographics\GEOS\GEOCODEdata2015.gdb\STUgeos2015_16string95pz15_16townRESDEV,StreetNameStrTypePreBsuff,-1,-1;AddressS_1 "AddressStreetNameStringB" true true false 255 Text 0 0 ,First,#,\\firma.prod.loudoun.local\tdata\project\lcps\DavisDemographics\GEOS\GEOCODEdata2015.gdb\STUgeos2015_16string95pz15_16townRESDEV,AddressStreetNameStringB,-1,-1;ESZones "ESZones" true true false 255 Text 0 0 ,First,#,\\firma.prod.loudoun.local\tdata\project\lcps\DavisDemographics\GEOS\GEOCODEdata2015.gdb\STUgeos2015_16string95pz15_16townRESDEV,ESZones,-1,-1;MSZones "MSZones" true true false 255 Text 0 0 ,First,#,\\firma.prod.loudoun.local\tdata\project\lcps\DavisDemographics\GEOS\GEOCODEdata2015.gdb\STUgeos2015_16string95pz15_16townRESDEV,MSZones,-1,-1;HSZones "HSZones" true true false 255 Text 0 0 ,First,#,\\firma.prod.loudoun.local\tdata\project\lcps\DavisDemographics\GEOS\GEOCODEdata2015.gdb\STUgeos2015_16string95pz15_16townRESDEV,HSZones,-1,-1;Town "Town" true true false 255 Text 0 0 ,First,#,\\firma.prod.loudoun.local\tdata\project\lcps\DavisDemographics\GEOS\GEOCODEdata2015.gdb\STUgeos2015_16string95pz15_16townRESDEV,Town,-1,-1;Zip "Zip" true true false 8 Double 0 0 ,First,#,\\firma.prod.loudoun.local\tdata\project\lcps\DavisDemographics\GEOS\GEOCODEdata2015.gdb\STUgeos2015_16string95pz15_16townRESDEV,Zip,-1,-1;Subdivisio "Subdivision" true true false 255 Text 0 0 ,First,#,\\firma.prod.loudoun.local\tdata\project\lcps\DavisDemographics\GEOS\GEOCODEdata2015.gdb\STUgeos2015_16string95pz15_16townRESDEV,Subdivision,-1,-1;STUDENT_ID "STUDENT_ID" true true false 8 Double 0 0 ,First,#,\\firma.prod.loudoun.local\tdata\project\lcps\DavisDemographics\GEOS\GEOCODEdata2015.gdb\STUgeos2015_16string95pz15_16townRESDEV,STUDENT_ID,-1,-1;GRID "GRID" true true false 8 Double 0 0 ,First,#,\\firma.prod.loudoun.local\tdata\project\lcps\DavisDemographics\GEOS\GEOCODEdata2015.gdb\STUgeos2015_16string95pz15_16townRESDEV,GRID,-1,-1;LAST_NAME "LAST_NAME" true true false 255 Text 0 0 ,First,#,\\firma.prod.loudoun.local\tdata\project\lcps\DavisDemographics\GEOS\GEOCODEdata2015.gdb\STUgeos2015_16string95pz15_16townRESDEV,LAST_NAME,-1,-1;FIRST_NAME "FIRST_NAME" true true false 255 Text 0 0 ,First,#,\\firma.prod.loudoun.local\tdata\project\lcps\DavisDemographics\GEOS\GEOCODEdata2015.gdb\STUgeos2015_16string95pz15_16townRESDEV,FIRST_NAME,-1,-1;MID_INITIA "MID_INITIAL" true true false 255 Text 0 0 ,First,#,\\firma.prod.loudoun.local\tdata\project\lcps\DavisDemographics\GEOS\GEOCODEdata2015.gdb\STUgeos2015_16string95pz15_16townRESDEV,MID_INITIAL,-1,-1;GRADE "GRADE" true true false 8 Double 0 0 ,First,#,\\firma.prod.loudoun.local\tdata\project\lcps\DavisDemographics\GEOS\GEOCODEdata2015.gdb\STUgeos2015_16string95pz15_16townRESDEV,GRADE,-1,-1;HomeRoom "HomeRoom" true true false 255 Text 0 0 ,First,#,\\firma.prod.loudoun.local\tdata\project\lcps\DavisDemographics\GEOS\GEOCODEdata2015.gdb\STUgeos2015_16string95pz15_16townRESDEV,HomeRoom,-1,-1;SpecialPro "SpecialProgramCode" true true false 255 Text 0 0 ,First,#,\\firma.prod.loudoun.local\tdata\project\lcps\DavisDemographics\GEOS\GEOCODEdata2015.gdb\STUgeos2015_16string95pz15_16townRESDEV,SpecialProgramCode,-1,-1;CurrentSch "CurrentSchool" true true false 255 Text 0 0 ,First,#,\\firma.prod.loudoun.local\tdata\project\lcps\DavisDemographics\GEOS\GEOCODEdata2015.gdb\STUgeos2015_16string95pz15_16townRESDEV,CurrentSchool,-1,-1;PreviousSc "PreviousSchool" true true false 255 Text 0 0 ,First,#,\\firma.prod.loudoun.local\tdata\project\lcps\DavisDemographics\GEOS\GEOCODEdata2015.gdb\STUgeos2015_16string95pz15_16townRESDEV,PreviousSchool,-1,-1;IEP_FLAG "IEP_FLAG" true true false 255 Text 0 0 ,First,#,\\firma.prod.loudoun.local\tdata\project\lcps\DavisDemographics\GEOS\GEOCODEdata2015.gdb\STUgeos2015_16string95pz15_16townRESDEV,IEP_FLAG,-1,-1;GENDER "GENDER" true true false 255 Text 0 0 ,First,#,\\firma.prod.loudoun.local\tdata\project\lcps\DavisDemographics\GEOS\GEOCODEdata2015.gdb\STUgeos2015_16string95pz15_16townRESDEV,GENDER,-1,-1;ETHNIC "ETHNIC" true true false 255 Text 0 0 ,First,#,\\firma.prod.loudoun.local\tdata\project\lcps\DavisDemographics\GEOS\GEOCODEdata2015.gdb\STUgeos2015_16string95pz15_16townRESDEV,ETHNIC,-1,-1;BIRTH "BIRTH" true true false 8 Date 0 0 ,First,#,\\firma.prod.loudoun.local\tdata\project\lcps\DavisDemographics\GEOS\GEOCODEdata2015.gdb\STUgeos2015_16string95pz15_16townRESDEV,BIRTH,-1,-1;STREET_NUM "STREET_NUMBER" true true false 8 Double 0 0 ,First,#,\\firma.prod.loudoun.local\tdata\project\lcps\DavisDemographics\GEOS\GEOCODEdata2015.gdb\STUgeos2015_16string95pz15_16townRESDEV,STREET_NUMBER,-1,-1;STREET_NAM "STREET_NAME" true true false 255 Text 0 0 ,First,#,\\firma.prod.loudoun.local\tdata\project\lcps\DavisDemographics\GEOS\GEOCODEdata2015.gdb\STUgeos2015_16string95pz15_16townRESDEV,STREET_NAME,-1,-1;APT "APT" true true false 255 Text 0 0 ,First,#,\\firma.prod.loudoun.local\tdata\project\lcps\DavisDemographics\GEOS\GEOCODEdata2015.gdb\STUgeos2015_16string95pz15_16townRESDEV,APT,-1,-1;ADDRESS1 "ADDRESS1" true true false 255 Text 0 0 ,First,#,\\firma.prod.loudoun.local\tdata\project\lcps\DavisDemographics\GEOS\GEOCODEdata2015.gdb\STUgeos2015_16string95pz15_16townRESDEV,ADDRESS1,-1,-1;CITY "CITY" true true false 255 Text 0 0 ,First,#,\\firma.prod.loudoun.local\tdata\project\lcps\DavisDemographics\GEOS\GEOCODEdata2015.gdb\STUgeos2015_16string95pz15_16townRESDEV,CITY,-1,-1;STATE "STATE" true true false 255 Text 0 0 ,First,#,\\firma.prod.loudoun.local\tdata\project\lcps\DavisDemographics\GEOS\GEOCODEdata2015.gdb\STUgeos2015_16string95pz15_16townRESDEV,STATE,-1,-1;ZIP5 "ZIP5" true true false 8 Double 0 0 ,First,#,\\firma.prod.loudoun.local\tdata\project\lcps\DavisDemographics\GEOS\GEOCODEdata2015.gdb\STUgeos2015_16string95pz15_16townRESDEV,ZIP5,-1,-1;LEP_FLAG "LEP_FLAG" true true false 255 Text 0 0 ,First,#,\\firma.prod.loudoun.local\tdata\project\lcps\DavisDemographics\GEOS\GEOCODEdata2015.gdb\STUgeos2015_16string95pz15_16townRESDEV,LEP_FLAG,-1,-1;LEP_PROG "LEP_PROG" true true false 255 Text 0 0 ,First,#,\\firma.prod.loudoun.local\tdata\project\lcps\DavisDemographics\GEOS\GEOCODEdata2015.gdb\STUgeos2015_16string95pz15_16townRESDEV,LEP_PROG,-1,-1;FARM "FARM" true true false 8 Double 0 0 ,First,#,\\firma.prod.loudoun.local\tdata\project\lcps\DavisDemographics\GEOS\GEOCODEdata2015.gdb\STUgeos2015_16string95pz15_16townRESDEV,FARM,-1,-1;HOMELESS "HOMELESS" true true false 255 Text 0 0 ,First,#,\\firma.prod.loudoun.local\tdata\project\lcps\DavisDemographics\GEOS\GEOCODEdata2015.gdb\STUgeos2015_16string95pz15_16townRESDEV,HOMELESS,-1,-1;GATE "GATE" true true false 255 Text 0 0 ,First,#,\\firma.prod.loudoun.local\tdata\project\lcps\DavisDemographics\GEOS\GEOCODEdata2015.gdb\STUgeos2015_16string95pz15_16townRESDEV,GATE,-1,-1;OBJECTID_3 "OBJECTID_1" true true false 4 Long 0 0 ,First,#,\\firma.prod.loudoun.local\tdata\project\lcps\DavisDemographics\GEOS\GEOCODEdata2015.gdb\STUgeos2015_16string95pz15_16townRESDEV,OBJECTID_1,-1,-1;COUNT_ "COUNT_" true true false 8 Double 0 0 ,First,#,\\firma.prod.loudoun.local\tdata\project\lcps\DavisDemographics\GEOS\GEOCODEdata2015.gdb\STUgeos2015_16string95pz15_16townRESDEV,COUNT_,-1,-1;STDYAREA "STDYAREA" true true false 16 Text 0 0 ,First,#,\\firma.prod.loudoun.local\tdata\project\lcps\DavisDemographics\GEOS\GEOCODEdata2015.gdb\STUgeos2015_16string95pz15_16townRESDEV,STDYAREA,-1,-1;ELEM_ "ELEM_" true true false 4 Long 0 0 ,First,#,\\firma.prod.loudoun.local\tdata\project\lcps\DavisDemographics\GEOS\GEOCODEdata2015.gdb\STUgeos2015_16string95pz15_16townRESDEV,ELEM_,-1,-1;INT_ "INT_" true true false 4 Long 0 0 ,First,#,\\firma.prod.loudoun.local\tdata\project\lcps\DavisDemographics\GEOS\GEOCODEdata2015.gdb\STUgeos2015_16string95pz15_16townRESDEV,INT_,-1,-1;HIGH_ "HIGH_" true true false 4 Long 0 0 ,First,#,\\firma.prod.loudoun.local\tdata\project\lcps\DavisDemographics\GEOS\GEOCODEdata2015.gdb\STUgeos2015_16string95pz15_16townRESDEV,HIGH_,-1,-1;ELEM_CODE "ELEM_CODE" true true false 16 Text 0 0 ,First,#,\\firma.prod.loudoun.local\tdata\project\lcps\DavisDemographics\GEOS\GEOCODEdata2015.gdb\STUgeos2015_16string95pz15_16townRESDEV,ELEM_CODE,-1,-1;INT_CODE "INT_CODE" true true false 16 Text 0 0 ,First,#,\\firma.prod.loudoun.local\tdata\project\lcps\DavisDemographics\GEOS\GEOCODEdata2015.gdb\STUgeos2015_16string95pz15_16townRESDEV,INT_CODE,-1,-1;HIGH_CODE "HIGH_CODE" true true false 16 Text 0 0 ,First,#,\\firma.prod.loudoun.local\tdata\project\lcps\DavisDemographics\GEOS\GEOCODEdata2015.gdb\STUgeos2015_16string95pz15_16townRESDEV,HIGH_CODE,-1,-1;DISTRICT "DISTRICT" true true false 2 Text 0 0 ,First,#,\\firma.prod.loudoun.local\tdata\project\lcps\DavisDemographics\GEOS\GEOCODEdata2015.gdb\STUgeos2015_16string95pz15_16townRESDEV,DISTRICT,-1,-1;UTILITIES "UTILITIES" true true false 5 Text 0 0 ,First,#,\\firma.prod.loudoun.local\tdata\project\lcps\DavisDemographics\GEOS\GEOCODEdata2015.gdb\STUgeos2015_16string95pz15_16townRESDEV,UTILITIES,-1,-1;OBJECTID_4 "OBJECTID_2" true true false 4 Long 0 0 ,First,#,\\firma.prod.loudoun.local\tdata\project\lcps\DavisDemographics\GEOS\GEOCODEdata2015.gdb\STUgeos2015_16string95pz15_16townRESDEV,OBJECTID_2,-1,-1;TO_TOWN "TO_TOWN" true true false 20 Text 0 0 ,First,#,\\firma.prod.loudoun.local\tdata\project\lcps\DavisDemographics\GEOS\GEOCODEdata2015.gdb\STUgeos2015_16string95pz15_16townRESDEV,TO_TOWN,-1,-1;TO_UPD_SOU "TO_UPD_SOURCE" true true false 2 Short 0 0 ,First,#,\\firma.prod.loudoun.local\tdata\project\lcps\DavisDemographics\GEOS\GEOCODEdata2015.gdb\STUgeos2015_16string95pz15_16townRESDEV,TO_UPD_SOURCE,-1,-1;TO_UPD_DAT "TO_UPD_DATE" true true false 8 Date 0 0 ,First,#,\\firma.prod.loudoun.local\tdata\project\lcps\DavisDemographics\GEOS\GEOCODEdata2015.gdb\STUgeos2015_16string95pz15_16townRESDEV,TO_UPD_DATE,-1,-1;TO_UPD_USE "TO_UPD_USER" true true false 2 Short 0 0 ,First,#,\\firma.prod.loudoun.local\tdata\project\lcps\DavisDemographics\GEOS\GEOCODEdata2015.gdb\STUgeos2015_16string95pz15_16townRESDEV,TO_UPD_USER,-1,-1;STArea__ "STArea__" true true true 8 Double 0 0 ,First,#,\\firma.prod.loudoun.local\tdata\project\lcps\DavisDemographics\GEOS\GEOCODEdata2015.gdb\STUgeos2015_16string95pz15_16townRESDEV,STArea__,-1,-1;STLength__ "STLength__" true true true 8 Double 0 0 ,First,#,\\firma.prod.loudoun.local\tdata\project\lcps\DavisDemographics\GEOS\GEOCODEdata2015.gdb\STUgeos2015_16string95pz15_16townRESDEV,STLength__,-1,-1;OBJECTID_5 "OBJECTID_3" true true false 4 Long 0 0 ,First,#,\\firma.prod.loudoun.local\tdata\project\lcps\DavisDemographics\GEOS\GEOCODEdata2015.gdb\STUgeos2015_16string95pz15_16townRESDEV,OBJECTID_3,-1,-1;REFERENCE "REFERENCE" true true false 30 Text 0 0 ,First,#,\\firma.prod.loudoun.local\tdata\project\lcps\DavisDemographics\GEOS\GEOCODEdata2015.gdb\STUgeos2015_16string95pz15_16townRESDEV,REFERENCE,-1,-1;STATUS_1 "STATUS_1" true true false 10 Text 0 0 ,First,#,\\firma.prod.loudoun.local\tdata\project\lcps\DavisDemographics\GEOS\GEOCODEdata2015.gdb\STUgeos2015_16string95pz15_16townRESDEV,STATUS_1,-1,-1;PROPOSED_S "PROPOSED_SFD" true true false 8 Double 0 0 ,First,#,\\firma.prod.loudoun.local\tdata\project\lcps\DavisDemographics\GEOS\GEOCODEdata2015.gdb\STUgeos2015_16string95pz15_16townRESDEV,PROPOSED_SFD,-1,-1;PROPOSED_1 "PROPOSED_SFA" true true false 4 Long 0 0 ,First,#,\\firma.prod.loudoun.local\tdata\project\lcps\DavisDemographics\GEOS\GEOCODEdata2015.gdb\STUgeos2015_16string95pz15_16townRESDEV,PROPOSED_SFA,-1,-1;PROPOSED_M "PROPOSED_MF" true true false 4 Long 0 0 ,First,#,\\firma.prod.loudoun.local\tdata\project\lcps\DavisDemographics\GEOS\GEOCODEdata2015.gdb\STUgeos2015_16string95pz15_16townRESDEV,PROPOSED_MF,-1,-1;DEVELOPMEN "DEVELOPMENT_NAME" true true false 50 Text 0 0 ,First,#,\\firma.prod.loudoun.local\tdata\project\lcps\DavisDemographics\GEOS\GEOCODEdata2015.gdb\STUgeos2015_16string95pz15_16townRESDEV,DEVELOPMENT_NAME,-1,-1;MARKETING_ "MARKETING_NAME" true true false 50 Text 0 0 ,First,#,\\firma.prod.loudoun.local\tdata\project\lcps\DavisDemographics\GEOS\GEOCODEdata2015.gdb\STUgeos2015_16string95pz15_16townRESDEV,MARKETING_NAME,-1,-1;STUDYAREA "STUDYAREA" true true false 15 Text 0 0 ,First,#,\\firma.prod.loudoun.local\tdata\project\lcps\DavisDemographics\GEOS\GEOCODEdata2015.gdb\STUgeos2015_16string95pz15_16townRESDEV,STUDYAREA,-1,-1;DISTRICT_1 "DISTRICT_1" true true false 5 Text 0 0 ,First,#,\\firma.prod.loudoun.local\tdata\project\lcps\DavisDemographics\GEOS\GEOCODEdata2015.gdb\STUgeos2015_16string95pz15_16townRESDEV,DISTRICT_1,-1,-1;COUNT__1 "COUNT__1" true true false 2 Short 0 0 ,First,#,\\firma.prod.loudoun.local\tdata\project\lcps\DavisDemographics\GEOS\GEOCODEdata2015.gdb\STUgeos2015_16string95pz15_16townRESDEV,COUNT__1,-1,-1;ADDRESSED_ "ADDRESSED_SFD" true true false 4 Long 0 0 ,First,#,\\firma.prod.loudoun.local\tdata\project\lcps\DavisDemographics\GEOS\GEOCODEdata2015.gdb\STUgeos2015_16string95pz15_16townRESDEV,ADDRESSED_SFD,-1,-1;ADDRESSED1 "ADDRESSED_SFA" true true false 4 Long 0 0 ,First,#,\\firma.prod.loudoun.local\tdata\project\lcps\DavisDemographics\GEOS\GEOCODEdata2015.gdb\STUgeos2015_16string95pz15_16townRESDEV,ADDRESSED_SFA,-1,-1;ADDRESSE_1 "ADDRESSED_MF" true true false 4 Long 0 0 ,First,#,\\firma.prod.loudoun.local\tdata\project\lcps\DavisDemographics\GEOS\GEOCODEdata2015.gdb\STUgeos2015_16string95pz15_16townRESDEV,ADDRESSED_MF,-1,-1;BUILDING_P "BUILDING_PERMITS" true true false 2 Short 0 0 ,First,#,\\firma.prod.loudoun.local\tdata\project\lcps\DavisDemographics\GEOS\GEOCODEdata2015.gdb\STUgeos2015_16string95pz15_16townRESDEV,BUILDING_PERMITS,-1,-1;NOTES "NOTES" true true false 150 Text 0 0 ,First,#,\\firma.prod.loudoun.local\tdata\project\lcps\DavisDemographics\GEOS\GEOCODEdata2015.gdb\STUgeos2015_16string95pz15_16townRESDEV,NOTES,-1,-1;PROPOSED_T "PROPOSED_TOTAL" true true false 4 Long 0 0 ,First,#,\\firma.prod.loudoun.local\tdata\project\lcps\DavisDemographics\GEOS\GEOCODEdata2015.gdb\STUgeos2015_16string95pz15_16townRESDEV,PROPOSED_TOTAL,-1,-1;ADDRESSE_2 "ADDRESSED_TOTAL" true true false 4 Long 0 0 ,First,#,\\firma.prod.loudoun.local\tdata\project\lcps\DavisDemographics\GEOS\GEOCODEdata2015.gdb\STUgeos2015_16string95pz15_16townRESDEV,ADDRESSED_TOTAL,-1,-1;UPD_DATE "UPD_DATE" true true false 8 Date 0 0 ,First,#,\\firma.prod.loudoun.local\tdata\project\lcps\DavisDemographics\GEOS\GEOCODEdata2015.gdb\STUgeos2015_16string95pz15_16townRESDEV,UPD_DATE,-1,-1;OVERBUILT "OVERBUILT" true true false 2 Short 0 0 ,First,#,\\firma.prod.loudoun.local\tdata\project\lcps\DavisDemographics\GEOS\GEOCODEdata2015.gdb\STUgeos2015_16string95pz15_16townRESDEV,OVERBUILT,-1,-1;GRD "GRD" true true false 2 Short 0 0 ,First,#,\\firma.prod.loudoun.local\tdata\project\lcps\DavisDemographics\GEOS\GEOCODEdata2015.gdb\STUgeos2015_16string95pz15_16townRESDEV,GRD,-1,-1;SCHL_CODE "SCHL_CODE" true true false 2 Short 0 0 ,First,#,\\firma.prod.loudoun.local\tdata\project\lcps\DavisDemographics\GEOS\GEOCODEdata2015.gdb\STUgeos2015_16string95pz15_16townRESDEV,SCHL_CODE,-1,-1;STUTYPE "STUTYPE" true true false 2 Text 0 0 ,First,#,\\firma.prod.loudoun.local\tdata\project\lcps\DavisDemographics\GEOS\GEOCODEdata2015.gdb\STUgeos2015_16string95pz15_16townRESDEV,STUTYPE,-1,-1;CURRENT_SC "CURRENT_SC" true true false 2 Short 0 0 ,First,#,\\firma.prod.loudoun.local\tdata\project\lcps\DavisDemographics\GEOS\GEOCODEdata2015.gdb\STUgeos2015_16string95pz15_16townRESDEV,CURRENT_SCHL,-1,-1" #</Process><Process ToolSource="c:\program files (x86)\arcgis\desktop10.5\ArcToolbox\Toolboxes\Data Management Tools.tbx\CalculateField" Date="20170609" Time="112830">CalculateField 2015_16Geocodes CURRENT_SC 313 VB #</Process><Process ToolSource="c:\program files (x86)\arcgis\desktop10.5\ArcToolbox\Toolboxes\Data Management Tools.tbx\CalculateField" Date="20170609" Time="112940">CalculateField 2015_16Geocodes CURRENT_SC 130 VB #</Process><Process ToolSource="c:\program files (x86)\arcgis\desktop10.5\ArcToolbox\Toolboxes\Data Management Tools.tbx\CopyFeatures" Date="20170614" Time="155458">CopyFeatures \\firma.prod.loudoun.local\tdata\project\lcps\ColinFlynn\DAVIS\2015_16Geocodes.shp \\firma.prod.loudoun.local\tdata\project\lcps\ColinFlynn\DAVIS\GeocodesForDavis.gdb\T2015_16Geocodes # 0 0 0</Process><Process ToolSource="c:\program files (x86)\arcgis\desktop10.5\ArcToolbox\Toolboxes\Data Management Tools.tbx\CalculateField" Date="20170614" Time="160714">CalculateField Students15_16 GRD -1 VB #</Process><Process ToolSource="c:\program files (x86)\arcgis\desktop10.5\ArcToolbox\Toolboxes\Data Management Tools.tbx\CalculateField" Date="20170614" Time="160903">CalculateField Students15_16 CURRENT_SC [SCHL_CODE] VB #</Process><Process ToolSource="c:\program files (x86)\arcgis\desktop10.3\ArcToolbox\Toolboxes\Data Management Tools.tbx\CalculateField" Date="20170615" Time="110434">CalculateField Students15_16 SCHL_CODE [CURRENT_SC] VB #</Process><Process ToolSource="c:\program files (x86)\arcgis\desktop10.5\ArcToolbox\Toolboxes\Data Management Tools.tbx\CalculateField" Date="20170809" Time="152613">CalculateField Students15_16 SCHL_CODE 313 VB #</Process><Process ToolSource="c:\program files (x86)\arcgis\desktop10.5\ArcToolbox\Toolboxes\Data Management Tools.tbx\CalculateField" Date="20170809" Time="152651">CalculateField Students15_16 STUTYPE "AE" VB #</Process><Process ToolSource="c:\program files (x86)\arcgis\desktop10.5\ArcToolbox\Toolboxes\Data Management Tools.tbx\CalculateField" Date="20170815" Time="114235">CalculateField Students15_16 NewID [LoudID] VB #</Process><Process ToolSource="c:\program files (x86)\arcgis\desktop10.5\ArcToolbox\Toolboxes\Data Management Tools.tbx\CalculateField" Date="20170815" Time="122014">CalculateField Students15_16 NewID [LoudID] VB #</Process><Process ToolSource="c:\program files (x86)\arcgis\desktop10.5\ArcToolbox\Toolboxes\Data Management Tools.tbx\CalculateField" Date="20170815" Time="131359">CalculateField Students15_16 Zip1 [Zip] VB #</Process><Process ToolSource="c:\program files (x86)\arcgis\desktop10.5\ArcToolbox\Toolboxes\Data Management Tools.tbx\CalculateField" Date="20170815" Time="135736">CalculateField Students15_16 STUDENT_ID1 [STUDENT_ID] VB #</Process><Process ToolSource="c:\program files (x86)\arcgis\desktop10.5\ArcToolbox\Toolboxes\Data Management Tools.tbx\CalculateField" Date="20170815" Time="141044">CalculateField Students15_16 FARM1 [FARM] VB #</Process><Process ToolSource="c:\program files (x86)\arcgis\desktop10.5\ArcToolbox\Toolboxes\Data Management Tools.tbx\UncompressFileGeodatabaseData" Date="20170922" Time="084259">UncompressFileGeodatabaseData Students15_16 #</Process><Process ToolSource="c:\program files (x86)\arcgis\desktop10.5\ArcToolbox\Toolboxes\Data Management Tools.tbx\UncompressFileGeodatabaseData" Date="20170922" Time="084356">UncompressFileGeodatabaseData Students15_16 #</Process><Process ToolSource="c:\program files (x86)\arcgis\desktop10.5\ArcToolbox\Toolboxes\Data Management Tools.tbx\CalculateField" Date="20170922" Time="084543">CalculateField Students15_16 STUTYPE "OT" VB #</Process><Process ToolSource="c:\program files (x86)\arcgis\desktop10.5\ArcToolbox\Toolboxes\Data Management Tools.tbx\CalculateField" Date="20170922" Time="084706">CalculateField Students15_16 STUTYPE "CH" VB #</Process><Process ToolSource="c:\program files (x86)\arcgis\desktop10.5\ArcToolbox\Toolboxes\Data Management Tools.tbx\CalculateField" Date="20170922" Time="084753">CalculateField Students15_16 STUTYPE "RS" VB #</Process><Process ToolSource="c:\program files (x86)\arcgis\desktop10.5\ArcToolbox\Toolboxes\Data Management Tools.tbx\CalculateField" Date="20180118" Time="100045">CalculateField Students15_16 Current_S [CurrentSch] VB #</Process><Process ToolSource="c:\program files (x86)\arcgis\desktop10.5\ArcToolbox\Toolboxes\Data Management Tools.tbx\CalculateField" Date="20180118" Time="100651">CalculateField Students15_16 Previous_S [PreviousSc] VB #</Process></lineage><itemProps><itemName Sync="TRUE">T2015_16Geocodes</itemName><imsContentType Sync="TRUE">002</imsContentType><itemSize Sync="TRUE">0.000</itemSize><itemLocation><linkage Sync="TRUE">file://\\FIRMA.prod.loudoun.local\tdata\project\lcps\DavisDemographics\Davis2016_2017\Davis2016_2017.gdb</linkage><protocol Sync="TRUE">Local Area Network</protocol></itemLocation></itemProps><coordRef><type Sync="TRUE">Projected</type><geogcsn Sync="TRUE">GCS_North_American_1983_HARN</geogcsn><csUnits Sync="TRUE">Linear Unit: Foot_US (0.304801)</csUnits><projcsn Sync="TRUE">NAD_1983_HARN_StatePlane_Virginia_North_FIPS_4501_Feet</projcsn><peXml Sync="TRUE">&lt;ProjectedCoordinateSystem xsi:type='typens:ProjectedCoordinateSystem' xmlns:xsi='http://www.w3.org/2001/XMLSchema-instance' xmlns:xs='http://www.w3.org/2001/XMLSchema' xmlns:typens='http://www.esri.com/schemas/ArcGIS/10.5'&gt;&lt;WKT&gt;PROJCS[&amp;quot;NAD_1983_HARN_StatePlane_Virginia_North_FIPS_4501_Feet&amp;quot;,GEOGCS[&amp;quot;GCS_North_American_1983_HARN&amp;quot;,DATUM[&amp;quot;D_North_American_1983_HARN&amp;quot;,SPHEROID[&amp;quot;GRS_1980&amp;quot;,6378137.0,298.257222101]],PRIMEM[&amp;quot;Greenwich&amp;quot;,0.0],UNIT[&amp;quot;Degree&amp;quot;,0.0174532925199433]],PROJECTION[&amp;quot;Lambert_Conformal_Conic&amp;quot;],PARAMETER[&amp;quot;False_Easting&amp;quot;,11482916.66666666],PARAMETER[&amp;quot;False_Northing&amp;quot;,6561666.666666666],PARAMETER[&amp;quot;Central_Meridian&amp;quot;,-78.5],PARAMETER[&amp;quot;Standard_Parallel_1&amp;quot;,38.03333333333333],PARAMETER[&amp;quot;Standard_Parallel_2&amp;quot;,39.2],PARAMETER[&amp;quot;Latitude_Of_Origin&amp;quot;,37.66666666666666],UNIT[&amp;quot;Foot_US&amp;quot;,0.3048006096012192],AUTHORITY[&amp;quot;EPSG&amp;quot;,2924]]&lt;/WKT&gt;&lt;XOrigin&gt;-110512500&lt;/XOrigin&gt;&lt;YOrigin&gt;-88858000&lt;/YOrigin&gt;&lt;XYScale&gt;3048.0060960121918&lt;/XYScale&gt;&lt;ZOrigin&gt;-100000&lt;/ZOrigin&gt;&lt;ZScale&gt;10000&lt;/ZScale&gt;&lt;MOrigin&gt;-100000&lt;/MOrigin&gt;&lt;MScale&gt;10000&lt;/MScale&gt;&lt;XYTolerance&gt;0.0032808333333333331&lt;/XYTolerance&gt;&lt;ZTolerance&gt;0.001&lt;/ZTolerance&gt;&lt;MTolerance&gt;0.001&lt;/MTolerance&gt;&lt;HighPrecision&gt;true&lt;/HighPrecision&gt;&lt;WKID&gt;2924&lt;/WKID&gt;&lt;LatestWKID&gt;2924&lt;/LatestWKID&gt;&lt;/ProjectedCoordinateSystem&gt;</peXml></coordRef></DataProperties><SyncDate>20170614</SyncDate><SyncTime>15535600</SyncTime><ModDate>20170614</ModDate><ModTime>15535600</ModTime></Esri><dataIdInfo><envirDesc Sync="TRUE">Microsoft Windows 7 Version 6.1 (Build 7601) Service Pack 1; Esri ArcGIS 10.5.0.6491</envirDesc><dataLang><languageCode value="eng" Sync="TRUE"></languageCode><countryCode value="USA" Sync="TRUE"></countryCode></dataLang><idCitation><resTitle Sync="TRUE">T2015_16Geocodes</resTitle><presForm><PresFormCd value="005" Sync="TRUE"></PresFormCd></presForm></idCitation><spatRpType><SpatRepTypCd value="001" Sync="TRUE"></SpatRepTypCd></spatRpType></dataIdInfo><mdLang><languageCode value="eng" Sync="TRUE"></languageCode><countryCode value="USA" Sync="TRUE"></countryCode></mdLang><distInfo><distFormat><formatName Sync="TRUE">File Geodatabase Feature Class</formatName></distFormat><distTranOps><transSize Sync="TRUE">0.000</transSize></distTranOps></distInfo><mdHrLv><ScopeCd value="005" Sync="TRUE"></ScopeCd></mdHrLv><mdHrLvName Sync="TRUE">dataset</mdHrLvName><refSysInfo><RefSystem><refSysID><identCode code="2924" Sync="TRUE"></identCode><idCodeSpace Sync="TRUE">EPSG</idCodeSpace><idVersion Sync="TRUE">8.9.3(9.0.0)</idVersion></refSysID></RefSystem></refSysInfo><spatRepInfo><VectSpatRep><geometObjs Name="T2015_16Geocodes"><geoObjTyp><GeoObjTypCd value="004" Sync="TRUE"></GeoObjTypCd></geoObjTyp><geoObjCnt Sync="TRUE">0</geoObjCnt></geometObjs><topLvl><TopoLevCd value="001" Sync="TRUE"></TopoLevCd></topLvl></VectSpatRep></spatRepInfo><spdoinfo><ptvctinf><esriterm Name="T2015_16Geocodes"><efeatyp Sync="TRUE">Simple</efeatyp><efeageom code="1" Sync="TRUE"></efeageom><esritopo Sync="TRUE">FALSE</esritopo><efeacnt Sync="TRUE">0</efeacnt><spindex Sync="TRUE">TRUE</spindex><linrefer Sync="TRUE">FALSE</linrefer></esriterm></ptvctinf></spdoinfo><eainfo><detailed Name="T2015_16Geocodes"><enttyp><enttypl Sync="TRUE">T2015_16Geocodes</enttypl><enttypt Sync="TRUE">Feature Class</enttypt><enttypc Sync="TRUE">0</enttypc></enttyp><attr><attrlabl Sync="TRUE">OBJECTID_12</attrlabl><attalias Sync="TRUE">FID</attalias><attrtype Sync="TRUE">OID</attrtype><attwidth Sync="TRUE">4</attwidth><atprecis Sync="TRUE">0</atprecis><attscale Sync="TRUE">0</attscale><attrdef Sync="TRUE">Internal feature number.</attrdef><attrdefs Sync="TRUE">Esri</attrdefs><attrdomv><udom Sync="TRUE">Sequential unique whole numbers that are automatically generated.</udom></attrdomv></attr><attr><attrlabl Sync="TRUE">Shape</attrlabl><attalias Sync="TRUE">Shape</attalias><attrtype Sync="TRUE">Geometry</attrtype><attwidth Sync="TRUE">0</attwidth><atprecis Sync="TRUE">0</atprecis><attscale Sync="TRUE">0</attscale><attrdef Sync="TRUE">Feature geometry.</attrdef><attrdefs Sync="TRUE">Esri</attrdefs><attrdomv><udom Sync="TRUE">Coordinates defining the features.</udom></attrdomv></attr><attr><attrlabl Sync="TRUE">OBJECTID_1</attrlabl><attalias Sync="TRUE">OBJECTID_1</attalias><attrtype Sync="TRUE">Integer</attrtype><attwidth Sync="TRUE">4</attwidth><atprecis Sync="TRUE">0</atprecis><attscale Sync="TRUE">0</attscale></attr><attr><attrlabl Sync="TRUE">OBJECTID_2</attrlabl><attalias Sync="TRUE">OBJECTID_2</attalias><attrtype Sync="TRUE">Integer</attrtype><attwidth Sync="TRUE">4</attwidth><atprecis Sync="TRUE">0</atprecis><attscale Sync="TRUE">0</attscale></attr><attr><attrlabl Sync="TRUE">ObjectID</attrlabl><attalias Sync="TRUE">ObjectID</attalias><attrtype Sync="TRUE">Integer</attrtype><attwidth Sync="TRUE">4</attwidth><atprecis Sync="TRUE">0</atprecis><attscale Sync="TRUE">0</attscale></attr><attr><attrlabl Sync="TRUE">Status</attrlabl><attalias Sync="TRUE">Status</attalias><attrtype Sync="TRUE">String</attrtype><attwidth Sync="TRUE">1</attwidth><atprecis Sync="TRUE">0</atprecis><attscale Sync="TRUE">0</attscale></attr><attr><attrlabl Sync="TRUE">Score</attrlabl><attalias Sync="TRUE">Score</attalias><attrtype Sync="TRUE">Double</attrtype><attwidth Sync="TRUE">8</attwidth><atprecis Sync="TRUE">0</atprecis><attscale Sync="TRUE">0</attscale></attr><attr><attrlabl Sync="TRUE">Match_type</attrlabl><attalias Sync="TRUE">Match_type</attalias><attrtype Sync="TRUE">String</attrtype><attwidth Sync="TRUE">2</attwidth><atprecis Sync="TRUE">0</atprecis><attscale Sync="TRUE">0</attscale></attr><attr><attrlabl Sync="TRUE">Match_addr</attrlabl><attalias Sync="TRUE">Match_addr</attalias><attrtype Sync="TRUE">String</attrtype><attwidth Sync="TRUE">120</attwidth><atprecis Sync="TRUE">0</atprecis><attscale Sync="TRUE">0</attscale></attr><attr><attrlabl Sync="TRUE">Side</attrlabl><attalias Sync="TRUE">Side</attalias><attrtype Sync="TRUE">String</attrtype><attwidth Sync="TRUE">1</attwidth><atprecis Sync="TRUE">0</atprecis><attscale Sync="TRUE">0</attscale></attr><attr><attrlabl Sync="TRUE">Ref_ID</attrlabl><attalias Sync="TRUE">Ref_ID</attalias><attrtype Sync="TRUE">String</attrtype><attwidth Sync="TRUE">50</attwidth><atprecis Sync="TRUE">0</atprecis><attscale Sync="TRUE">0</attscale></attr><attr><attrlabl Sync="TRUE">User_fld</attrlabl><attalias Sync="TRUE">User_fld</attalias><attrtype Sync="TRUE">String</attrtype><attwidth Sync="TRUE">120</attwidth><atprecis Sync="TRUE">0</atprecis><attscale Sync="TRUE">0</attscale></attr><attr><attrlabl Sync="TRUE">Addr_type</attrlabl><attalias Sync="TRUE">Addr_type</attalias><attrtype Sync="TRUE">String</attrtype><attwidth Sync="TRUE">20</attwidth><atprecis Sync="TRUE">0</atprecis><attscale Sync="TRUE">0</attscale></attr><attr><attrlabl Sync="TRUE">ARC_Street</attrlabl><attalias Sync="TRUE">ARC_Street</attalias><attrtype Sync="TRUE">String</attrtype><attwidth Sync="TRUE">100</attwidth><atprecis Sync="TRUE">0</atprecis><attscale Sync="TRUE">0</attscale></attr><attr><attrlabl Sync="TRUE">ARC_ZIP</attrlabl><attalias Sync="TRUE">ARC_ZIP</attalias><attrtype Sync="TRUE">String</attrtype><attwidth Sync="TRUE">10</attwidth><atprecis Sync="TRUE">0</atprecis><attscale Sync="TRUE">0</attscale></attr><attr><attrlabl Sync="TRUE">LoudID</attrlabl><attalias Sync="TRUE">LoudID</attalias><attrtype Sync="TRUE">Double</attrtype><attwidth Sync="TRUE">8</attwidth><atprecis Sync="TRUE">0</atprecis><attscale Sync="TRUE">0</attscale></attr><attr><attrlabl Sync="TRUE">Address</attrlabl><attalias Sync="TRUE">Address</attalias><attrtype Sync="TRUE">Double</attrtype><attwidth Sync="TRUE">8</attwidth><atprecis Sync="TRUE">0</atprecis><attscale Sync="TRUE">0</attscale></attr><attr><attrlabl Sync="TRUE">AddressExt</attrlabl><attalias Sync="TRUE">AddressExt</attalias><attrtype Sync="TRUE">String</attrtype><attwidth Sync="TRUE">254</attwidth><atprecis Sync="TRUE">0</atprecis><attscale Sync="TRUE">0</attscale></attr><attr><attrlabl Sync="TRUE">Prefix</attrlabl><attalias Sync="TRUE">Prefix</attalias><attrtype Sync="TRUE">String</attrtype><attwidth Sync="TRUE">254</attwidth><atprecis Sync="TRUE">0</atprecis><attscale Sync="TRUE">0</attscale></attr><attr><attrlabl Sync="TRUE">StreetName</attrlabl><attalias Sync="TRUE">StreetName</attalias><attrtype Sync="TRUE">String</attrtype><attwidth Sync="TRUE">254</attwidth><atprecis Sync="TRUE">0</atprecis><attscale Sync="TRUE">0</attscale></attr><attr><attrlabl Sync="TRUE">StreetType</attrlabl><attalias Sync="TRUE">StreetType</attalias><attrtype Sync="TRUE">String</attrtype><attwidth Sync="TRUE">254</attwidth><atprecis Sync="TRUE">0</atprecis><attscale Sync="TRUE">0</attscale></attr><attr><attrlabl Sync="TRUE">Suffix</attrlabl><attalias Sync="TRUE">Suffix</attalias><attrtype Sync="TRUE">String</attrtype><attwidth Sync="TRUE">254</attwidth><atprecis Sync="TRUE">0</atprecis><attscale Sync="TRUE">0</attscale></attr><attr><attrlabl Sync="TRUE">AddressWad</attrlabl><attalias Sync="TRUE">AddressWad</attalias><attrtype Sync="TRUE">Double</attrtype><attwidth Sync="TRUE">8</attwidth><atprecis Sync="TRUE">0</atprecis><attscale Sync="TRUE">0</attscale></attr><attr><attrlabl Sync="TRUE">StreetNa_1</attrlabl><attalias Sync="TRUE">StreetNa_1</attalias><attrtype Sync="TRUE">String</attrtype><attwidth Sync="TRUE">254</attwidth><atprecis Sync="TRUE">0</atprecis><attscale Sync="TRUE">0</attscale></attr><attr><attrlabl Sync="TRUE">AddressStr</attrlabl><attalias Sync="TRUE">AddressStr</attalias><attrtype Sync="TRUE">String</attrtype><attwidth Sync="TRUE">254</attwidth><atprecis Sync="TRUE">0</atprecis><attscale Sync="TRUE">0</attscale></attr><attr><attrlabl Sync="TRUE">StreetNa_2</attrlabl><attalias Sync="TRUE">StreetNa_2</attalias><attrtype Sync="TRUE">String</attrtype><attwidth Sync="TRUE">254</attwidth><atprecis Sync="TRUE">0</atprecis><attscale Sync="TRUE">0</attscale></attr><attr><attrlabl Sync="TRUE">AddressS_1</attrlabl><attalias Sync="TRUE">AddressS_1</attalias><attrtype Sync="TRUE">String</attrtype><attwidth Sync="TRUE">254</attwidth><atprecis Sync="TRUE">0</atprecis><attscale Sync="TRUE">0</attscale></attr><attr><attrlabl Sync="TRUE">ESZones</attrlabl><attalias Sync="TRUE">ESZones</attalias><attrtype Sync="TRUE">String</attrtype><attwidth Sync="TRUE">254</attwidth><atprecis Sync="TRUE">0</atprecis><attscale Sync="TRUE">0</attscale></attr><attr><attrlabl Sync="TRUE">MSZones</attrlabl><attalias Sync="TRUE">MSZones</attalias><attrtype Sync="TRUE">String</attrtype><attwidth Sync="TRUE">254</attwidth><atprecis Sync="TRUE">0</atprecis><attscale Sync="TRUE">0</attscale></attr><attr><attrlabl Sync="TRUE">HSZones</attrlabl><attalias Sync="TRUE">HSZones</attalias><attrtype Sync="TRUE">String</attrtype><attwidth Sync="TRUE">254</attwidth><atprecis Sync="TRUE">0</atprecis><attscale Sync="TRUE">0</attscale></attr><attr><attrlabl Sync="TRUE">Town</attrlabl><attalias Sync="TRUE">Town</attalias><attrtype Sync="TRUE">String</attrtype><attwidth Sync="TRUE">254</attwidth><atprecis Sync="TRUE">0</atprecis><attscale Sync="TRUE">0</attscale></attr><attr><attrlabl Sync="TRUE">Zip</attrlabl><attalias Sync="TRUE">Zip</attalias><attrtype Sync="TRUE">Double</attrtype><attwidth Sync="TRUE">8</attwidth><atprecis Sync="TRUE">0</atprecis><attscale Sync="TRUE">0</attscale></attr><attr><attrlabl Sync="TRUE">Subdivisio</attrlabl><attalias Sync="TRUE">Subdivisio</attalias><attrtype Sync="TRUE">String</attrtype><attwidth Sync="TRUE">254</attwidth><atprecis Sync="TRUE">0</atprecis><attscale Sync="TRUE">0</attscale></attr><attr><attrlabl Sync="TRUE">STUDENT_ID</attrlabl><attalias Sync="TRUE">STUDENT_ID</attalias><attrtype Sync="TRUE">Double</attrtype><attwidth Sync="TRUE">8</attwidth><atprecis Sync="TRUE">0</atprecis><attscale Sync="TRUE">0</attscale></attr><attr><attrlabl Sync="TRUE">GRID</attrlabl><attalias Sync="TRUE">GRID</attalias><attrtype Sync="TRUE">Double</attrtype><attwidth Sync="TRUE">8</attwidth><atprecis Sync="TRUE">0</atprecis><attscale Sync="TRUE">0</attscale></attr><attr><attrlabl Sync="TRUE">LAST_NAME</attrlabl><attalias Sync="TRUE">LAST_NAME</attalias><attrtype Sync="TRUE">String</attrtype><attwidth Sync="TRUE">254</attwidth><atprecis Sync="TRUE">0</atprecis><attscale Sync="TRUE">0</attscale></attr><attr><attrlabl Sync="TRUE">FIRST_NAME</attrlabl><attalias Sync="TRUE">FIRST_NAME</attalias><attrtype Sync="TRUE">String</attrtype><attwidth Sync="TRUE">254</attwidth><atprecis Sync="TRUE">0</atprecis><attscale Sync="TRUE">0</attscale></attr><attr><attrlabl Sync="TRUE">MID_INITIA</attrlabl><attalias Sync="TRUE">MID_INITIA</attalias><attrtype Sync="TRUE">String</attrtype><attwidth Sync="TRUE">254</attwidth><atprecis Sync="TRUE">0</atprecis><attscale Sync="TRUE">0</attscale></attr><attr><attrlabl Sync="TRUE">GRADE</attrlabl><attalias Sync="TRUE">GRADE</attalias><attrtype Sync="TRUE">Double</attrtype><attwidth Sync="TRUE">8</attwidth><atprecis Sync="TRUE">0</atprecis><attscale Sync="TRUE">0</attscale></attr><attr><attrlabl Sync="TRUE">HomeRoom</attrlabl><attalias Sync="TRUE">HomeRoom</attalias><attrtype Sync="TRUE">String</attrtype><attwidth Sync="TRUE">254</attwidth><atprecis Sync="TRUE">0</atprecis><attscale Sync="TRUE">0</attscale></attr><attr><attrlabl Sync="TRUE">SpecialPro</attrlabl><attalias Sync="TRUE">SpecialPro</attalias><attrtype Sync="TRUE">String</attrtype><attwidth Sync="TRUE">254</attwidth><atprecis Sync="TRUE">0</atprecis><attscale Sync="TRUE">0</attscale></attr><attr><attrlabl Sync="TRUE">CurrentSch</attrlabl><attalias Sync="TRUE">CurrentSch</attalias><attrtype Sync="TRUE">String</attrtype><attwidth Sync="TRUE">254</attwidth><atprecis Sync="TRUE">0</atprecis><attscale Sync="TRUE">0</attscale></attr><attr><attrlabl Sync="TRUE">PreviousSc</attrlabl><attalias Sync="TRUE">PreviousSc</attalias><attrtype Sync="TRUE">String</attrtype><attwidth Sync="TRUE">254</attwidth><atprecis Sync="TRUE">0</atprecis><attscale Sync="TRUE">0</attscale></attr><attr><attrlabl Sync="TRUE">IEP_FLAG</attrlabl><attalias Sync="TRUE">IEP_FLAG</attalias><attrtype Sync="TRUE">String</attrtype><attwidth Sync="TRUE">254</attwidth><atprecis Sync="TRUE">0</atprecis><attscale Sync="TRUE">0</attscale></attr><attr><attrlabl Sync="TRUE">GENDER</attrlabl><attalias Sync="TRUE">GENDER</attalias><attrtype Sync="TRUE">String</attrtype><attwidth Sync="TRUE">254</attwidth><atprecis Sync="TRUE">0</atprecis><attscale Sync="TRUE">0</attscale></attr><attr><attrlabl Sync="TRUE">ETHNIC</attrlabl><attalias Sync="TRUE">ETHNIC</attalias><attrtype Sync="TRUE">String</attrtype><attwidth Sync="TRUE">254</attwidth><atprecis Sync="TRUE">0</atprecis><attscale Sync="TRUE">0</attscale></attr><attr><attrlabl Sync="TRUE">BIRTH</attrlabl><attalias Sync="TRUE">BIRTH</attalias><attrtype Sync="TRUE">Date</attrtype><attwidth Sync="TRUE">8</attwidth><atprecis Sync="TRUE">0</atprecis><attscale Sync="TRUE">0</attscale></attr><attr><attrlabl Sync="TRUE">STREET_NUM</attrlabl><attalias Sync="TRUE">STREET_NUM</attalias><attrtype Sync="TRUE">Double</attrtype><attwidth Sync="TRUE">8</attwidth><atprecis Sync="TRUE">0</atprecis><attscale Sync="TRUE">0</attscale></attr><attr><attrlabl Sync="TRUE">STREET_NAM</attrlabl><attalias Sync="TRUE">STREET_NAM</attalias><attrtype Sync="TRUE">String</attrtype><attwidth Sync="TRUE">254</attwidth><atprecis Sync="TRUE">0</atprecis><attscale Sync="TRUE">0</attscale></attr><attr><attrlabl Sync="TRUE">APT</attrlabl><attalias Sync="TRUE">APT</attalias><attrtype Sync="TRUE">String</attrtype><attwidth Sync="TRUE">254</attwidth><atprecis Sync="TRUE">0</atprecis><attscale Sync="TRUE">0</attscale></attr><attr><attrlabl Sync="TRUE">ADDRESS1</attrlabl><attalias Sync="TRUE">ADDRESS1</attalias><attrtype Sync="TRUE">String</attrtype><attwidth Sync="TRUE">254</attwidth><atprecis Sync="TRUE">0</atprecis><attscale Sync="TRUE">0</attscale></attr><attr><attrlabl Sync="TRUE">CITY</attrlabl><attalias Sync="TRUE">CITY</attalias><attrtype Sync="TRUE">String</attrtype><attwidth Sync="TRUE">254</attwidth><atprecis Sync="TRUE">0</atprecis><attscale Sync="TRUE">0</attscale></attr><attr><attrlabl Sync="TRUE">STATE</attrlabl><attalias Sync="TRUE">STATE</attalias><attrtype Sync="TRUE">String</attrtype><attwidth Sync="TRUE">254</attwidth><atprecis Sync="TRUE">0</atprecis><attscale Sync="TRUE">0</attscale></attr><attr><attrlabl Sync="TRUE">ZIP5</attrlabl><attalias Sync="TRUE">ZIP5</attalias><attrtype Sync="TRUE">Double</attrtype><attwidth Sync="TRUE">8</attwidth><atprecis Sync="TRUE">0</atprecis><attscale Sync="TRUE">0</attscale></attr><attr><attrlabl Sync="TRUE">LEP_FLAG</attrlabl><attalias Sync="TRUE">LEP_FLAG</attalias><attrtype Sync="TRUE">String</attrtype><attwidth Sync="TRUE">254</attwidth><atprecis Sync="TRUE">0</atprecis><attscale Sync="TRUE">0</attscale></attr><attr><attrlabl Sync="TRUE">LEP_PROG</attrlabl><attalias Sync="TRUE">LEP_PROG</attalias><attrtype Sync="TRUE">String</attrtype><attwidth Sync="TRUE">254</attwidth><atprecis Sync="TRUE">0</atprecis><attscale Sync="TRUE">0</attscale></attr><attr><attrlabl Sync="TRUE">FARM</attrlabl><attalias Sync="TRUE">FARM</attalias><attrtype Sync="TRUE">Double</attrtype><attwidth Sync="TRUE">8</attwidth><atprecis Sync="TRUE">0</atprecis><attscale Sync="TRUE">0</attscale></attr><attr><attrlabl Sync="TRUE">HOMELESS</attrlabl><attalias Sync="TRUE">HOMELESS</attalias><attrtype Sync="TRUE">String</attrtype><attwidth Sync="TRUE">254</attwidth><atprecis Sync="TRUE">0</atprecis><attscale Sync="TRUE">0</attscale></attr><attr><attrlabl Sync="TRUE">GATE</attrlabl><attalias Sync="TRUE">GATE</attalias><attrtype Sync="TRUE">String</attrtype><attwidth Sync="TRUE">254</attwidth><atprecis Sync="TRUE">0</atprecis><attscale Sync="TRUE">0</attscale></attr><attr><attrlabl Sync="TRUE">OBJECTID_3</attrlabl><attalias Sync="TRUE">OBJECTID_3</attalias><attrtype Sync="TRUE">Integer</attrtype><attwidth Sync="TRUE">4</attwidth><atprecis Sync="TRUE">0</atprecis><attscale Sync="TRUE">0</attscale></attr><attr><attrlabl Sync="TRUE">COUNT_</attrlabl><attalias Sync="TRUE">COUNT_</attalias><attrtype Sync="TRUE">Double</attrtype><attwidth Sync="TRUE">8</attwidth><atprecis Sync="TRUE">0</atprecis><attscale Sync="TRUE">0</attscale></attr><attr><attrlabl Sync="TRUE">STDYAREA</attrlabl><attalias Sync="TRUE">STDYAREA</attalias><attrtype Sync="TRUE">String</attrtype><attwidth Sync="TRUE">16</attwidth><atprecis Sync="TRUE">0</atprecis><attscale Sync="TRUE">0</attscale></attr><attr><attrlabl Sync="TRUE">ELEM_</attrlabl><attalias Sync="TRUE">ELEM_</attalias><attrtype Sync="TRUE">Integer</attrtype><attwidth Sync="TRUE">4</attwidth><atprecis Sync="TRUE">0</atprecis><attscale Sync="TRUE">0</attscale></attr><attr><attrlabl Sync="TRUE">INT_</attrlabl><attalias Sync="TRUE">INT_</attalias><attrtype Sync="TRUE">Integer</attrtype><attwidth Sync="TRUE">4</attwidth><atprecis Sync="TRUE">0</atprecis><attscale Sync="TRUE">0</attscale></attr><attr><attrlabl Sync="TRUE">HIGH_</attrlabl><attalias Sync="TRUE">HIGH_</attalias><attrtype Sync="TRUE">Integer</attrtype><attwidth Sync="TRUE">4</attwidth><atprecis Sync="TRUE">0</atprecis><attscale Sync="TRUE">0</attscale></attr><attr><attrlabl Sync="TRUE">ELEM_CODE</attrlabl><attalias Sync="TRUE">ELEM_CODE</attalias><attrtype Sync="TRUE">String</attrtype><attwidth Sync="TRUE">16</attwidth><atprecis Sync="TRUE">0</atprecis><attscale Sync="TRUE">0</attscale></attr><attr><attrlabl Sync="TRUE">INT_CODE</attrlabl><attalias Sync="TRUE">INT_CODE</attalias><attrtype Sync="TRUE">String</attrtype><attwidth Sync="TRUE">16</attwidth><atprecis Sync="TRUE">0</atprecis><attscale Sync="TRUE">0</attscale></attr><attr><attrlabl Sync="TRUE">HIGH_CODE</attrlabl><attalias Sync="TRUE">HIGH_CODE</attalias><attrtype Sync="TRUE">String</attrtype><attwidth Sync="TRUE">16</attwidth><atprecis Sync="TRUE">0</atprecis><attscale Sync="TRUE">0</attscale></attr><attr><attrlabl Sync="TRUE">DISTRICT</attrlabl><attalias Sync="TRUE">DISTRICT</attalias><attrtype Sync="TRUE">String</attrtype><attwidth Sync="TRUE">2</attwidth><atprecis Sync="TRUE">0</atprecis><attscale Sync="TRUE">0</attscale></attr><attr><attrlabl Sync="TRUE">UTILITIES</attrlabl><attalias Sync="TRUE">UTILITIES</attalias><attrtype Sync="TRUE">String</attrtype><attwidth Sync="TRUE">5</attwidth><atprecis Sync="TRUE">0</atprecis><attscale Sync="TRUE">0</attscale></attr><attr><attrlabl Sync="TRUE">OBJECTID_4</attrlabl><attalias Sync="TRUE">OBJECTID_4</attalias><attrtype Sync="TRUE">Integer</attrtype><attwidth Sync="TRUE">4</attwidth><atprecis Sync="TRUE">0</atprecis><attscale Sync="TRUE">0</attscale></attr><attr><attrlabl Sync="TRUE">TO_TOWN</attrlabl><attalias Sync="TRUE">TO_TOWN</attalias><attrtype Sync="TRUE">String</attrtype><attwidth Sync="TRUE">20</attwidth><atprecis Sync="TRUE">0</atprecis><attscale Sync="TRUE">0</attscale></attr><attr><attrlabl Sync="TRUE">TO_UPD_SOU</attrlabl><attalias Sync="TRUE">TO_UPD_SOU</attalias><attrtype Sync="TRUE">Integer</attrtype><attwidth Sync="TRUE">4</attwidth><atprecis Sync="TRUE">0</atprecis><attscale Sync="TRUE">0</attscale></attr><attr><attrlabl Sync="TRUE">TO_UPD_DAT</attrlabl><attalias Sync="TRUE">TO_UPD_DAT</attalias><attrtype Sync="TRUE">Date</attrtype><attwidth Sync="TRUE">8</attwidth><atprecis Sync="TRUE">0</atprecis><attscale Sync="TRUE">0</attscale></attr><attr><attrlabl Sync="TRUE">TO_UPD_USE</attrlabl><attalias Sync="TRUE">TO_UPD_USE</attalias><attrtype Sync="TRUE">Integer</attrtype><attwidth Sync="TRUE">4</attwidth><atprecis Sync="TRUE">0</atprecis><attscale Sync="TRUE">0</attscale></attr><attr><attrlabl Sync="TRUE">STArea__</attrlabl><attalias Sync="TRUE">STArea__</attalias><attrtype Sync="TRUE">Double</attrtype><attwidth Sync="TRUE">8</attwidth><atprecis Sync="TRUE">0</atprecis><attscale Sync="TRUE">0</attscale></attr><attr><attrlabl Sync="TRUE">STLength__</attrlabl><attalias Sync="TRUE">STLength__</attalias><attrtype Sync="TRUE">Double</attrtype><attwidth Sync="TRUE">8</attwidth><atprecis Sync="TRUE">0</atprecis><attscale Sync="TRUE">0</attscale></attr><attr><attrlabl Sync="TRUE">OBJECTID_5</attrlabl><attalias Sync="TRUE">OBJECTID_5</attalias><attrtype Sync="TRUE">Integer</attrtype><attwidth Sync="TRUE">4</attwidth><atprecis Sync="TRUE">0</atprecis><attscale Sync="TRUE">0</attscale></attr><attr><attrlabl Sync="TRUE">REFERENCE</attrlabl><attalias Sync="TRUE">REFERENCE</attalias><attrtype Sync="TRUE">String</attrtype><attwidth Sync="TRUE">30</attwidth><atprecis Sync="TRUE">0</atprecis><attscale Sync="TRUE">0</attscale></attr><attr><attrlabl Sync="TRUE">STATUS_1</attrlabl><attalias Sync="TRUE">STATUS_1</attalias><attrtype Sync="TRUE">String</attrtype><attwidth Sync="TRUE">10</attwidth><atprecis Sync="TRUE">0</atprecis><attscale Sync="TRUE">0</attscale></attr><attr><attrlabl Sync="TRUE">PROPOSED_S</attrlabl><attalias Sync="TRUE">PROPOSED_S</attalias><attrtype Sync="TRUE">Double</attrtype><attwidth Sync="TRUE">8</attwidth><atprecis Sync="TRUE">0</atprecis><attscale Sync="TRUE">0</attscale></attr><attr><attrlabl Sync="TRUE">PROPOSED_1</attrlabl><attalias Sync="TRUE">PROPOSED_1</attalias><attrtype Sync="TRUE">Integer</attrtype><attwidth Sync="TRUE">4</attwidth><atprecis Sync="TRUE">0</atprecis><attscale Sync="TRUE">0</attscale></attr><attr><attrlabl Sync="TRUE">PROPOSED_M</attrlabl><attalias Sync="TRUE">PROPOSED_M</attalias><attrtype Sync="TRUE">Integer</attrtype><attwidth Sync="TRUE">4</attwidth><atprecis Sync="TRUE">0</atprecis><attscale Sync="TRUE">0</attscale></attr><attr><attrlabl Sync="TRUE">DEVELOPMEN</attrlabl><attalias Sync="TRUE">DEVELOPMEN</attalias><attrtype Sync="TRUE">String</attrtype><attwidth Sync="TRUE">50</attwidth><atprecis Sync="TRUE">0</atprecis><attscale Sync="TRUE">0</attscale></attr><attr><attrlabl Sync="TRUE">MARKETING_</attrlabl><attalias Sync="TRUE">MARKETING_</attalias><attrtype Sync="TRUE">String</attrtype><attwidth Sync="TRUE">50</attwidth><atprecis Sync="TRUE">0</atprecis><attscale Sync="TRUE">0</attscale></attr><attr><attrlabl Sync="TRUE">STUDYAREA</attrlabl><attalias Sync="TRUE">STUDYAREA</attalias><attrtype Sync="TRUE">String</attrtype><attwidth Sync="TRUE">15</attwidth><atprecis Sync="TRUE">0</atprecis><attscale Sync="TRUE">0</attscale></attr><attr><attrlabl Sync="TRUE">DISTRICT_1</attrlabl><attalias Sync="TRUE">DISTRICT_1</attalias><attrtype Sync="TRUE">String</attrtype><attwidth Sync="TRUE">5</attwidth><atprecis Sync="TRUE">0</atprecis><attscale Sync="TRUE">0</attscale></attr><attr><attrlabl Sync="TRUE">COUNT__1</attrlabl><attalias Sync="TRUE">COUNT__1</attalias><attrtype Sync="TRUE">Integer</attrtype><attwidth Sync="TRUE">4</attwidth><atprecis Sync="TRUE">0</atprecis><attscale Sync="TRUE">0</attscale></attr><attr><attrlabl Sync="TRUE">ADDRESSED_</attrlabl><attalias Sync="TRUE">ADDRESSED_</attalias><attrtype Sync="TRUE">Integer</attrtype><attwidth Sync="TRUE">4</attwidth><atprecis Sync="TRUE">0</atprecis><attscale Sync="TRUE">0</attscale></attr><attr><attrlabl Sync="TRUE">ADDRESSED1</attrlabl><attalias Sync="TRUE">ADDRESSED1</attalias><attrtype Sync="TRUE">Integer</attrtype><attwidth Sync="TRUE">4</attwidth><atprecis Sync="TRUE">0</atprecis><attscale Sync="TRUE">0</attscale></attr><attr><attrlabl Sync="TRUE">ADDRESSE_1</attrlabl><attalias Sync="TRUE">ADDRESSE_1</attalias><attrtype Sync="TRUE">Integer</attrtype><attwidth Sync="TRUE">4</attwidth><atprecis Sync="TRUE">0</atprecis><attscale Sync="TRUE">0</attscale></attr><attr><attrlabl Sync="TRUE">BUILDING_P</attrlabl><attalias Sync="TRUE">BUILDING_P</attalias><attrtype Sync="TRUE">Integer</attrtype><attwidth Sync="TRUE">4</attwidth><atprecis Sync="TRUE">0</atprecis><attscale Sync="TRUE">0</attscale></attr><attr><attrlabl Sync="TRUE">NOTES</attrlabl><attalias Sync="TRUE">NOTES</attalias><attrtype Sync="TRUE">String</attrtype><attwidth Sync="TRUE">150</attwidth><atprecis Sync="TRUE">0</atprecis><attscale Sync="TRUE">0</attscale></attr><attr><attrlabl Sync="TRUE">PROPOSED_T</attrlabl><attalias Sync="TRUE">PROPOSED_T</attalias><attrtype Sync="TRUE">Integer</attrtype><attwidth Sync="TRUE">4</attwidth><atprecis Sync="TRUE">0</atprecis><attscale Sync="TRUE">0</attscale></attr><attr><attrlabl Sync="TRUE">ADDRESSE_2</attrlabl><attalias Sync="TRUE">ADDRESSE_2</attalias><attrtype Sync="TRUE">Integer</attrtype><attwidth Sync="TRUE">4</attwidth><atprecis Sync="TRUE">0</atprecis><attscale Sync="TRUE">0</attscale></attr><attr><attrlabl Sync="TRUE">UPD_DATE</attrlabl><attalias Sync="TRUE">UPD_DATE</attalias><attrtype Sync="TRUE">Date</attrtype><attwidth Sync="TRUE">8</attwidth><atprecis Sync="TRUE">0</atprecis><attscale Sync="TRUE">0</attscale></attr><attr><attrlabl Sync="TRUE">OVERBUILT</attrlabl><attalias Sync="TRUE">OVERBUILT</attalias><attrtype Sync="TRUE">Integer</attrtype><attwidth Sync="TRUE">4</attwidth><atprecis Sync="TRUE">0</atprecis><attscale Sync="TRUE">0</attscale></attr><attr><attrlabl Sync="TRUE">GRD</attrlabl><attalias Sync="TRUE">GRD</attalias><attrtype Sync="TRUE">Integer</attrtype><attwidth Sync="TRUE">4</attwidth><atprecis Sync="TRUE">0</atprecis><attscale Sync="TRUE">0</attscale></attr><attr><attrlabl Sync="TRUE">SCHL_CODE</attrlabl><attalias Sync="TRUE">SCHL_CODE</attalias><attrtype Sync="TRUE">Integer</attrtype><attwidth Sync="TRUE">4</attwidth><atprecis Sync="TRUE">0</atprecis><attscale Sync="TRUE">0</attscale></attr><attr><attrlabl Sync="TRUE">STUTYPE</attrlabl><attalias Sync="TRUE">STUTYPE</attalias><attrtype Sync="TRUE">String</attrtype><attwidth Sync="TRUE">2</attwidth><atprecis Sync="TRUE">0</atprecis><attscale Sync="TRUE">0</attscale></attr><attr><attrlabl Sync="TRUE">CURRENT_SC</attrlabl><attalias Sync="TRUE">CURRENT_SC</attalias><attrtype Sync="TRUE">Integer</attrtype><attwidth Sync="TRUE">4</attwidth><atprecis Sync="TRUE">0</atprecis><attscale Sync="TRUE">0</attscale></attr></detailed></eainfo><mdDateSt Sync="TRUE">20170614</mdDateSt></metadata>
